time,data
0,42.2994976973029
0.025,42.2994988225366
0.05,42.2994999441128
0.075,42.2995010598058
0.1,42.2995021693934
0.125,42.2995032725847
0.15,42.2995043692772
0.175,42.2995054593884
0.2,42.299506542942
0.225,42.2995076199477
0.25,42.2995086904948
0.275,42.2995097546393
0.3,42.2995108124616
0.325,42.2995118640149
0.35,42.2995129094544
0.375,42.2995139488785
0.4,42.2995149824314
0.425,42.2995160102075
0.45,42.2995170323444
0.475,42.2995180489319
0.5,42.2995190600677
0.525,42.2995200658171
0.55,42.2995210662916
0.575,42.2995220615631
0.6,42.299523051776
0.625,42.2995240370228
0.65,42.2995250173986
0.675,42.2995259929672
0.7,42.2995269638309
0.725,42.299527930056
0.75,42.2995288917441
0.775,42.2995298489613
0.8,42.2995308018318
0.825,42.2995317504357
0.85,42.2995326948543
0.875,42.2995336351425
0.9,42.2995345713862
0.925,42.2995355036416
0.95,42.2995364320149
0.975,42.2995373565749
1,42.2995382774119
1.025,42.2995391945861
1.05,42.2995401081603
1.075,42.2995410181769
1.1,42.2995419247045
1.125,42.2995428277881
1.15,42.2995437274966
1.175,42.2995446238754
1.2,42.2995455170096
1.225,42.2995464069546
1.25,42.2995472937827
1.275,42.2995481775425
1.3,42.2995490582842
1.325,42.2995499360423
1.35,42.2995508108866
1.375,42.2995516828627
1.4,42.2995525520318
1.425,42.2995534184347
1.45,42.2995542821281
1.475,42.2995551431496
1.5,42.2995560015395
1.525,42.2995568573253
1.55,42.2995577105521
1.575,42.2995585612498
1.6,42.2995594094645
1.625,42.2995602552266
1.65,42.2995610985821
1.675,42.2995619395612
1.7,42.2995627782202
1.725,42.2995636145957
1.75,42.2995644487356
1.775,42.2995652806718
1.8,42.2995661104478
1.825,42.2995669380928
1.85,42.2995677636474
1.875,42.2995685871385
1.9,42.2995694086048
1.925,42.2995702280717
1.95,42.299571045576
1.975,42.2995718611421
2,42.2995726748051
2.025,42.2995734865884
2.05,42.2995742965172
2.075,42.2995751046087
2.1,42.2995759108918
2.125,42.2995767153858
2.15,42.2995775181206
2.175,42.2995783191161
2.2,42.2995791184102
2.225,42.2995799160274
2.25,42.2995807120005
2.275,42.2995815063511
2.3,42.2995822991091
2.325,42.2995830902944
2.35,42.2995838799352
2.375,42.2995846680501
2.4,42.2995854546591
2.425,42.2995862397757
2.45,42.299587023423
2.475,42.2995878056158
2.5,42.2995885863779
2.525,42.2995893657246
2.55,42.2995901436796
2.575,42.2995909202586
2.6,42.2995916954847
2.625,42.2995924693732
2.65,42.2995932419529
2.675,42.2995940132422
2.7,42.2995947832655
2.725,42.299595552039
2.75,42.2995963195852
2.775,42.2995970859186
2.8,42.2995978510604
2.825,42.2995986150242
2.85,42.2995993778301
2.875,42.2996001394911
2.9,42.2996009000216
2.925,42.299601659431
2.95,42.2996024177359
2.975,42.299603174947
3,42.2996039310814
3.025,42.2996046861503
3.05,42.2996054401708
3.075,42.2996061931542
3.1,42.2996069451218
3.125,42.2996076960874
3.15,42.2996084460695
3.175,42.2996091950801
3.2,42.2996099431361
3.225,42.2996106902486
3.25,42.2996114364294
3.275,42.2996121816864
3.3,42.2996129260372
3.325,42.2996136694929
3.35,42.299614412069
3.375,42.2996151537757
3.4,42.2996158946276
3.425,42.2996166346342
3.45,42.2996173738094
3.475,42.2996181121623
3.5,42.2996188497062
3.525,42.29961958645
3.55,42.2996203224064
3.575,42.299621057584
3.6,42.2996217919952
3.625,42.2996225256483
3.65,42.2996232585553
3.675,42.2996239907242
3.7,42.2996247221668
3.725,42.2996254528907
3.75,42.2996261829046
3.775,42.2996269122138
3.8,42.2996276408285
3.825,42.2996283687551
3.85,42.2996290960038
3.875,42.2996298225814
3.9,42.2996305484983
3.925,42.2996312737612
3.95,42.2996319983805
3.975,42.2996327223629
4,42.2996334457211
4.025,42.2996341684633
4.05,42.2996348906004
4.075,42.2996356121397
4.1,42.2996363330912
4.125,42.2996370534614
4.15,42.2996377732574
4.175,42.2996384924839
4.2,42.299639211149
4.225,42.299639929258
4.25,42.2996406468192
4.275,42.2996413638379
4.3,42.2996420803248
4.325,42.2996427962866
4.35,42.2996435117325
4.375,42.2996442266685
4.4,42.2996449411029
4.425,42.2996456550414
4.45,42.2996463684899
4.475,42.2996470814524
4.5,42.2996477939357
4.525,42.2996485059442
4.55,42.299649217485
4.575,42.2996499285627
4.6,42.2996506391862
4.625,42.2996513493612
4.65,42.2996520590955
4.675,42.2996527683942
4.7,42.2996534772645
4.725,42.2996541857109
4.75,42.2996548937387
4.775,42.2996556013512
4.8,42.2996563085542
4.825,42.2996570153514
4.85,42.2996577217488
4.875,42.2996584277503
4.9,42.2996591333619
4.925,42.2996598385876
4.95,42.2996605434332
4.975,42.2996612479026
5,42.2996619520033
5.025,42.2996626557398
5.05,42.2996633591185
5.075,42.2996640621435
5.1,42.2996647648208
5.125,42.2996654671539
5.15,42.2996661691485
5.175,42.2996668708081
5.2,42.2996675721366
5.225,42.2996682731366
5.25,42.2996689738127
5.275,42.2996696741677
5.3,42.2996703742064
5.325,42.2996710739317
5.35,42.2996717733483
5.375,42.2996724724594
5.4,42.2996731712708
5.425,42.2996738697863
5.45,42.2996745680109
5.475,42.2996752659479
5.5,42.2996759636021
5.525,42.2996766609764
5.55,42.2996773580753
5.575,42.2996780549016
5.6,42.2996787514585
5.625,42.2996794477481
5.65,42.2996801437741
5.675,42.2996808395387
5.7,42.2996815350458
5.725,42.2996822302978
5.75,42.2996829252996
5.775,42.2996836200541
5.8,42.2996843145655
5.825,42.2996850088366
5.85,42.2996857028713
5.875,42.2996863966719
5.9,42.2996870902422
5.925,42.2996877835846
5.95,42.2996884767025
5.975,42.2996891695983
6,42.2996898622753
6.025,42.2996905547357
6.05,42.2996912469828
6.075,42.2996919390187
6.1,42.2996926308466
6.125,42.2996933224687
6.15,42.2996940138878
6.175,42.2996947051062
6.2,42.2996953961268
6.225,42.2996960869515
6.25,42.2996967775833
6.275,42.2996974680241
6.3,42.2996981582768
6.325,42.2996988483431
6.35,42.2996995382253
6.375,42.2997002279246
6.4,42.2997009174441
6.425,42.2997016067859
6.45,42.2997022959527
6.475,42.2997029849464
6.5,42.2997036702185
6.525,42.2997043496103
6.55,42.2997050215983
6.575,42.2997056851088
6.6,42.2997063393866
6.625,42.2997069839019
6.65,42.2997076182849
6.675,42.2997082422794
6.7,42.299708859305
6.725,42.299709471431
6.75,42.2997100801387
6.775,42.2997106864825
6.8,42.2997112912183
6.825,42.2997118948881
6.85,42.2997124978838
6.875,42.2997131004903
6.9,42.2997137029164
6.925,42.2997143053171
6.95,42.2997149078085
6.975,42.2997155104792
7,42.2997161133977
7.025,42.2997167166182
7.05,42.2997173201843
7.075,42.2997179241318
7.1,42.2997185284907
7.125,42.2997191332865
7.15,42.2997197385415
7.175,42.2997203442752
7.2,42.2997209505047
7.225,42.2997215572459
7.25,42.2997221645126
7.275,42.2997227723176
7.3,42.2997233806726
7.325,42.2997239895881
7.35,42.2997245990737
7.375,42.2997252091384
7.4,42.2997258197901
7.425,42.2997264310362
7.45,42.2997270428835
7.475,42.2997276553383
7.5,42.2997282684059
7.525,42.299728882091
7.55,42.2997294963977
7.575,42.2997301113297
7.6,42.29973072689
7.625,42.2997313430814
7.65,42.2997319599061
7.675,42.2997325773665
7.7,42.2997331954635
7.725,42.2997338141983
7.75,42.2997344335712
7.775,42.2997350535825
7.8,42.2997356742319
7.825,42.2997362955188
7.85,42.2997369174425
7.875,42.2997375400018
7.9,42.2997381631953
7.925,42.2997387870213
7.95,42.2997394114778
7.975,42.2997400365628
8,42.299740662274
8.025,42.2997412886093
8.05,42.2997419155655
8.075,42.29974254314
8.1,42.2997431713292
8.125,42.2997438001299
8.15,42.2997444295384
8.175,42.2997450595511
8.2,42.2997456901639
8.225,42.2997463213731
8.25,42.2997469531744
8.275,42.2997475855637
8.3,42.2997482185367
8.325,42.2997488520896
8.35,42.2997494862178
8.375,42.2997501209172
8.4,42.2997507561831
8.425,42.2997513920112
8.45,42.2997520283966
8.475,42.2997526653348
8.5,42.2997533028207
8.525,42.2997539408498
8.55,42.2997545794168
8.575,42.2997552185171
8.6,42.2997558581454
8.625,42.2997564982967
8.65,42.2997571389655
8.675,42.2997577801465
8.7,42.2997584218341
8.725,42.299759064023
8.75,42.2997597067075
8.775,42.2997603498824
8.8,42.2997609935421
8.825,42.2997616376811
8.85,42.2997622822939
8.875,42.2997629273751
8.9,42.2997635729191
8.925,42.2997642189206
8.95,42.2997648653742
8.975,42.2997655122747
9,42.2997661596167
9.025,42.2997668073949
9.05,42.2997674556035
9.075,42.2997681042375
9.1,42.2997687532912
9.125,42.2997694027594
9.15,42.2997700526366
9.175,42.2997707029177
9.2,42.2997713535972
9.225,42.2997720046701
9.25,42.299772656131
9.275,42.2997733079749
9.3,42.2997739601965
9.325,42.2997746127907
9.35,42.2997752657528
9.375,42.2997759190779
9.4,42.2997765727609
9.425,42.2997772267969
9.45,42.2997778811807
9.475,42.2997785359078
9.5,42.2997791909732
9.525,42.2997798463724
9.55,42.2997805021005
9.575,42.2997811581528
9.6,42.2997818145246
9.625,42.2997824712113
9.65,42.2997831282081
9.675,42.2997837855103
9.7,42.2997844431135
9.725,42.2997851010131
9.75,42.2997857592049
9.775,42.2997864176847
9.8,42.2997870764483
9.825,42.2997877354916
9.85,42.2997883948102
9.875,42.2997890543998
9.9,42.2997897142563
9.925,42.2997903743756
9.95,42.2997910347525
9.975,42.299791695383
10,42.2997923562629
10.025,42.2997930173884
10.05,42.299793678756
10.075,42.2997943403622
10.1,42.2997950022036
10.125,42.299795664277
10.15,42.2997963265789
10.175,42.2997969891058
10.2,42.2997976518542
10.225,42.2997983148205
10.25,42.2997989780014
10.275,42.2997996413934
10.3,42.2998003049929
10.325,42.2998009687967
10.35,42.2998016328013
10.375,42.2998022970033
10.4,42.2998029613995
10.425,42.2998036259867
10.45,42.2998042907614
10.475,42.2998049557201
10.5,42.2998056208591
10.525,42.2998062861751
10.55,42.2998069516648
10.575,42.2998076173252
10.6,42.2998082831531
10.625,42.2998089491455
10.65,42.2998096152996
10.675,42.2998102816129
10.7,42.2998109480827
10.725,42.2998116147063
10.75,42.2998122814815
10.775,42.2998129484056
10.8,42.2998136154764
10.825,42.2998142826915
10.85,42.2998149500484
10.875,42.2998156175449
10.9,42.2998162851785
10.925,42.2998169529469
10.95,42.299817620848
10.975,42.2998182888794
11,42.2998189570391
11.025,42.2998196253249
11.05,42.2998202937348
11.075,42.2998209622665
11.1,42.2998216309182
11.125,42.2998222996878
11.15,42.2998229685732
11.175,42.2998236375726
11.2,42.2998243066841
11.225,42.2998249759057
11.25,42.2998256452357
11.275,42.2998263146724
11.3,42.2998269842139
11.325,42.2998276538584
11.35,42.2998283236042
11.375,42.2998289934497
11.4,42.2998296633931
11.425,42.2998303334328
11.45,42.2998310035672
11.475,42.2998316737947
11.5,42.2998323441137
11.525,42.2998330145229
11.55,42.2998336850206
11.575,42.2998343556054
11.6,42.299835026276
11.625,42.299835697031
11.65,42.2998363678689
11.675,42.2998370387885
11.7,42.2998377097882
11.725,42.2998383808661
11.75,42.2998390520204
11.775,42.2998397232492
11.8,42.2998403945511
11.825,42.2998410659245
11.85,42.2998417373679
11.875,42.2998424088799
11.9,42.2998430804587
11.925,42.2998437521028
11.95,42.299844423811
11.975,42.299845095582
12,42.2998457674149
12.025,42.2998464393084
12.05,42.2998471112615
12.075,42.2998477832734
12.1,42.2998484553429
12.125,42.2998491274693
12.15,42.2998497996516
12.175,42.2998504718891
12.2,42.2998511441819
12.225,42.2998518165303
12.25,42.2998524889344
12.275,42.2998531613941
12.3,42.2998538339088
12.325,42.2998545064784
12.35,42.2998551791026
12.375,42.2998558517811
12.4,42.2998565245133
12.425,42.2998571972988
12.45,42.2998578701372
12.475,42.299858543028
12.5,42.299859215971
12.525,42.2998598889655
12.55,42.2998605620108
12.575,42.2998612351064
12.6,42.2998619082514
12.625,42.2998625814454
12.65,42.2998632546875
12.675,42.2998639279773
12.7,42.299864601314
12.725,42.2998652746969
12.75,42.2998659481254
12.775,42.2998666215987
12.8,42.2998672951163
12.825,42.2998679686774
12.85,42.2998686422813
12.875,42.2998693159275
12.9,42.2998699896151
12.925,42.2998706633436
12.95,42.2998713371122
12.975,42.2998720109205
13,42.2998726847677
13.025,42.2998733586533
13.05,42.2998740325766
13.075,42.299874706537
13.1,42.2998753805341
13.125,42.2998760545672
13.15,42.2998767286357
13.175,42.2998774027392
13.2,42.299878076877
13.225,42.2998787510486
13.25,42.2998794252535
13.275,42.299880099491
13.3,42.2998807737607
13.325,42.2998814480621
13.35,42.2998821223945
13.375,42.2998827967576
13.4,42.2998834711507
13.425,42.2998841455735
13.45,42.2998848200254
13.475,42.299885494506
13.5,42.2998861690148
13.525,42.2998868435512
13.55,42.299887518115
13.575,42.2998881927056
13.6,42.2998888673226
13.625,42.2998895419654
13.65,42.2998902166338
13.675,42.2998908913273
13.7,42.2998915660454
13.725,42.2998922407877
13.75,42.2998929155539
13.775,42.2998935903435
13.8,42.299894265156
13.825,42.2998949399913
13.85,42.2998956148487
13.875,42.2998962897278
13.9,42.2998969646285
13.925,42.2998976395503
13.95,42.2998983144929
13.975,42.2998989894558
14,42.2998996644388
14.025,42.2999003394416
14.05,42.2999010144637
14.075,42.2999016895047
14.1,42.2999023645646
14.125,42.2999030396428
14.15,42.299903714739
14.175,42.2999043898528
14.2,42.2999050649838
14.225,42.2999057401317
14.25,42.2999064152965
14.275,42.2999070904777
14.3,42.2999077656746
14.325,42.2999084408868
14.35,42.2999091161142
14.375,42.2999097913561
14.4,42.2999104666124
14.425,42.2999111418827
14.45,42.2999118171665
14.475,42.2999124924636
14.5,42.2999131677734
14.525,42.2999138430956
14.55,42.2999145184297
14.575,42.2999151937756
14.6,42.2999158691327
14.625,42.2999165445009
14.65,42.2999172198798
14.675,42.299917895269
14.7,42.2999185706683
14.725,42.2999192460774
14.75,42.2999199214961
14.775,42.2999205969241
14.8,42.2999212723613
14.825,42.2999219478075
14.85,42.2999226232625
14.875,42.2999232987258
14.9,42.2999239741974
14.925,42.2999246496771
14.95,42.2999253251645
14.975,42.2999260006595
15,42.2999266761619
15.025,42.2999273516715
15.05,42.2999280271881
15.075,42.2999287027115
15.1,42.2999293782418
15.125,42.2999300537785
15.15,42.2999307293215
15.175,42.2999314048707
15.2,42.2999320804258
15.225,42.2999327559868
15.25,42.2999334315535
15.275,42.2999341071258
15.3,42.2999347827035
15.325,42.2999354582865
15.35,42.2999361338747
15.375,42.2999368094679
15.4,42.299937485066
15.425,42.2999381606689
15.45,42.2999388362765
15.475,42.2999395118888
15.5,42.2999401875055
15.525,42.2999408631266
15.55,42.299941538752
15.575,42.2999422143817
15.6,42.2999428900155
15.625,42.2999435656533
15.65,42.299944241295
15.675,42.2999449169406
15.7,42.2999455925899
15.725,42.2999462682428
15.75,42.2999469438994
15.775,42.2999476195596
15.8,42.2999482952233
15.825,42.2999489708904
15.85,42.2999496465609
15.875,42.2999503222346
15.9,42.2999509979117
15.925,42.2999516735919
15.95,42.2999523492753
15.975,42.2999530249617
16,42.2999537006513
16.025,42.2999543763439
16.05,42.2999550520391
16.075,42.2999557277372
16.1,42.2999564034384
16.125,42.299957079143
16.15,42.2999577548511
16.175,42.2999584305633
16.2,42.2999591062791
16.225,42.2999597819993
16.25,42.2999604577225
16.275,42.2999611334496
16.3,42.2999618091799
16.325,42.2999624849145
16.35,42.2999631606517
16.375,42.2999638363926
16.4,42.2999645121317
16.425,42.299965187869
16.45,42.2999658635993
16.475,42.2999665393233
16.5,42.2999672150342
16.525,42.2999678907326
16.55,42.2999685664041
16.575,42.2999692420474
16.6,42.2999699176517
16.625,42.2999705932172
16.65,42.2999712687109
16.675,42.2999719441259
16.7,42.2999726193993
16.725,42.2999732945058
16.75,42.299973969347
16.775,42.2999746438815
16.8,42.2999753179664
16.825,42.2999759915385
16.85,42.2999766645646
16.875,42.2999773370237
16.9,42.2999780088934
16.925,42.2999786801613
16.95,42.2999793511019
16.975,42.2999800218346
17,42.2999806924898
17.025,42.2999813631262
17.05,42.2999820338112
17.075,42.2999827045614
17.1,42.2999833754031
17.125,42.2999840463286
17.15,42.2999847173282
17.175,42.2999853883868
17.2,42.2999860594909
17.225,42.2999867306305
17.25,42.2999874017962
17.275,42.2999880729839
17.3,42.2999887441874
17.325,42.299989415406
17.35,42.2999900866368
17.375,42.2999907578819
17.4,42.2999914291436
17.425,42.2999921004262
17.45,42.2999927717319
17.475,42.2999934430648
17.5,42.2999941144259
17.525,42.2999947858182
17.55,42.2999954572441
17.575,42.2999961287066
17.6,42.2999968002074
17.625,42.299997471749
17.65,42.2999981433316
17.675,42.2999988149565
17.7,42.2999994866248
17.725,42.3000001583378
17.75,42.3000008300958
17.775,42.3000015018996
17.8,42.3000021737492
17.825,42.3000028456448
17.85,42.3000035175864
17.875,42.3000041895736
17.9,42.3000048616064
17.925,42.3000055336841
17.95,42.3000062058063
17.975,42.3000068779724
18,42.3000075501814
18.025,42.3000082224327
18.05,42.3000088947254
18.075,42.3000095670588
18.1,42.3000102394318
18.125,42.3000109118434
18.15,42.3000115842927
18.175,42.3000122567786
18.2,42.3000129293002
18.225,42.3000136018565
18.25,42.3000142744464
18.275,42.300014947069
18.3,42.3000156197232
18.325,42.3000162924081
18.35,42.3000169651226
18.375,42.300017637866
18.4,42.300018310637
18.425,42.300018983435
18.45,42.3000196562588
18.475,42.3000203291076
18.5,42.3000210019805
18.525,42.3000216748767
18.55,42.3000223477953
18.575,42.3000230207354
18.6,42.3000236936962
18.625,42.300024366677
18.65,42.300025039677
18.675,42.3000257126955
18.7,42.3000263857318
18.725,42.3000270587851
18.75,42.3000277318549
18.775,42.3000284049405
18.8,42.3000290780412
18.825,42.3000297511566
18.85,42.3000304242859
18.875,42.3000310974289
18.9,42.3000317705849
18.925,42.3000324437537
18.95,42.3000331169346
18.975,42.3000337901275
19,42.3000344633318
19.025,42.3000351365473
19.05,42.3000358097736
19.075,42.3000364830106
19.1,42.300037156258
19.125,42.3000378295156
19.15,42.3000385027835
19.175,42.3000391760614
19.2,42.3000398493493
19.225,42.3000405226472
19.25,42.3000411959549
19.275,42.3000418692725
19.3,42.3000425425999
19.325,42.3000432159371
19.35,42.3000438892844
19.375,42.3000445626418
19.4,42.3000452360096
19.425,42.300045909388
19.45,42.3000465827773
19.475,42.3000472561776
19.5,42.3000479295894
19.525,42.3000486030128
19.55,42.3000492764484
19.575,42.3000499498965
19.6,42.3000506233578
19.625,42.3000512968326
19.65,42.3000519703216
19.675,42.3000526438253
19.7,42.3000533173442
19.725,42.3000539908788
19.75,42.3000546644298
19.775,42.3000553379978
19.8,42.3000560115837
19.825,42.3000566851881
19.85,42.3000573588119
19.875,42.3000580324558
19.9,42.3000587061205
19.925,42.3000593798067
19.95,42.3000600535154
19.975,42.3000607272476
20,42.3000614010042
20.025,42.3000620747859
20.05,42.3000627485938
20.075,42.300063422429
20.1,42.3000640962927
20.125,42.3000647701859
20.15,42.3000654441098
20.175,42.3000661180653
20.2,42.3000667920536
20.225,42.3000674660758
20.25,42.3000681401331
20.275,42.3000688142266
20.3,42.3000694883575
20.325,42.300070162527
20.35,42.3000708367365
20.375,42.3000715109871
20.4,42.3000721852803
20.425,42.3000728596175
20.45,42.300073534
20.475,42.3000742084296
20.5,42.3000748829076
20.525,42.3000755574354
20.55,42.3000762320146
20.575,42.3000769066464
20.6,42.3000775813324
20.625,42.3000782560741
20.65,42.300078930873
20.675,42.300079605731
20.7,42.3000802806496
20.725,42.3000809556306
20.75,42.3000816306754
20.775,42.3000823057858
20.8,42.3000829809631
20.825,42.3000836562092
20.85,42.3000843315252
20.875,42.300085006913
20.9,42.3000856823744
20.925,42.3000863579111
20.95,42.3000870335246
20.975,42.3000877092171
21,42.3000883849904
21.025,42.3000890608463
21.05,42.3000897367864
21.075,42.300090412813
21.1,42.3000910889276
21.125,42.3000917651322
21.15,42.3000924414284
21.175,42.3000931178183
21.2,42.3000937943036
21.225,42.3000944708863
21.25,42.3000951475677
21.275,42.3000958243502
21.3,42.3000965012354
21.325,42.3000971782253
21.35,42.3000978553213
21.375,42.3000985325255
21.4,42.3000992098392
21.425,42.3000998872649
21.45,42.3001005648042
21.475,42.3001012424594
21.5,42.3001019202316
21.525,42.3001025981231
21.55,42.3001032761352
21.575,42.3001039542703
21.6,42.3001046325296
21.625,42.3001053109153
21.65,42.3001059894281
21.675,42.30010666807
21.7,42.3001073468422
21.725,42.3001080257465
21.75,42.3001087047839
21.775,42.3001093839561
21.8,42.3001100632642
21.825,42.3001107427101
21.85,42.3001114222945
21.875,42.3001121020192
21.9,42.300112781885
21.925,42.3001134618936
21.95,42.3001141420455
21.975,42.3001148223424
22,42.300115502785
22.025,42.3001161833748
22.05,42.3001168641121
22.075,42.3001175449984
22.1,42.3001182260343
22.125,42.3001189072209
22.15,42.3001195885582
22.175,42.3001202700474
22.2,42.300120951689
22.225,42.3001216334839
22.25,42.3001223154319
22.275,42.3001229975339
22.3,42.3001236797895
22.325,42.3001243621996
22.35,42.3001250447641
22.375,42.3001257274833
22.4,42.3001264103565
22.425,42.3001270933838
22.45,42.3001277765648
22.475,42.3001284598995
22.5,42.3001291433874
22.525,42.3001298270285
22.55,42.3001305108225
22.575,42.3001311947689
22.6,42.3001318788668
22.625,42.3001325631152
22.65,42.3001332475134
22.675,42.3001339320602
22.7,42.3001346167544
22.725,42.3001353015946
22.75,42.3001359865804
22.775,42.30013667171
22.8,42.3001373569814
22.825,42.3001380423928
22.85,42.3001387279425
22.875,42.3001394136286
22.9,42.3001400994492
22.925,42.3001407854025
22.95,42.3001414714869
22.975,42.3001421577008
23,42.3001428440427
23.025,42.3001435305109
23.05,42.3001442171037
23.075,42.3001449038197
23.1,42.3001455906578
23.125,42.3001462776165
23.15,42.3001469646946
23.175,42.3001476518909
23.2,42.3001483392041
23.225,42.3001490266332
23.25,42.3001497141769
23.275,42.3001504018342
23.3,42.3001510896038
23.325,42.3001517774849
23.35,42.3001524654763
23.375,42.3001531535772
23.4,42.3001538417862
23.425,42.3001545301024
23.45,42.3001552185246
23.475,42.3001559070517
23.5,42.3001565956826
23.525,42.3001572844165
23.55,42.300157973252
23.575,42.3001586621884
23.6,42.3001593512248
23.625,42.3001600403601
23.65,42.3001607295932
23.675,42.300161418923
23.7,42.3001621083488
23.725,42.3001627978698
23.75,42.300163487485
23.775,42.3001641771934
23.8,42.3001648669941
23.825,42.3001655568864
23.85,42.3001662468693
23.875,42.3001669369421
23.9,42.3001676271039
23.925,42.3001683173539
23.95,42.3001690076908
23.975,42.300169698114
24,42.3001703886226
24.025,42.3001710792158
24.05,42.3001717698927
24.075,42.3001724606523
24.1,42.3001731514938
24.125,42.3001738424164
24.15,42.3001745334191
24.175,42.3001752245011
24.2,42.3001759156618
24.225,42.3001766069003
24.25,42.3001772982157
24.275,42.3001779896073
24.3,42.3001786810741
24.325,42.3001793726156
24.35,42.3001800642309
24.375,42.3001807559194
24.4,42.3001814476798
24.425,42.300182139511
24.45,42.3001828313933
24.475,42.3001835233137
24.5,42.3001842152543
24.525,42.3001849072024
24.55,42.3001855991442
24.575,42.3001862910697
24.6,42.3001869829632
24.625,42.3001876748137
24.65,42.3001883666084
24.675,42.3001890583385
24.7,42.3001897499929
24.725,42.3001904415639
24.75,42.3001911330414
24.775,42.3001918244181
24.8,42.3001925156843
24.825,42.300193206833
24.85,42.3001938978599
24.875,42.3001945887615
24.9,42.3001952795309
24.925,42.3001959701632
24.95,42.3001966606551
24.975,42.300197351004
25,42.3001980412035
25.025,42.3001987312494
25.05,42.3001994211389
25.075,42.3002001108702
25.1,42.3002008004368
25.125,42.3002014898348
25.15,42.3002021790563
25.175,42.3002028680963
25.2,42.3002035569519
25.225,42.3002042456211
25.25,42.300204934098
25.275,42.3002056223789
25.3,42.3002063104611
25.325,42.3002069983427
25.35,42.3002076860235
25.375,42.3002083735036
25.4,42.3002090607772
25.425,42.3002097478413
25.45,42.3002104346877
25.475,42.3002111213121
25.5,42.300211807712
25.525,42.3002124938861
25.55,42.3002131798341
25.575,42.3002138655564
25.6,42.3002145510466
25.625,42.3002152363013
25.65,42.3002159213191
25.675,42.3002166060998
25.7,42.3002172906362
25.725,42.300217974925
25.75,42.3002186589644
25.775,42.3002193427543
25.8,42.3002200262879
25.825,42.3002207095621
25.85,42.300221392564
25.875,42.3002220752951
25.9,42.3002227577547
25.925,42.3002234399426
25.95,42.3002241218538
25.975,42.3002248034896
26,42.3002254848368
26.025,42.3002261658997
26.05,42.3002268466851
26.075,42.300227527195
26.1,42.3002282074157
26.125,42.3002288873499
26.15,42.3002295670127
26.175,42.3002302464087
26.2,42.3002309255169
26.225,42.3002316043342
26.25,42.3002322828604
26.275,42.300232961091
26.3,42.3002336389957
26.325,42.3002343165662
26.35,42.3002349938108
26.375,42.3002356707284
26.4,42.3002363472977
26.425,42.3002370235113
26.45,42.3002376993766
26.475,42.3002383748913
26.5,42.3002390500491
26.525,42.3002397248468
26.55,42.3002403992795
26.575,42.3002410733384
26.6,42.3002417470246
26.625,42.3002424203317
26.65,42.3002430932471
26.675,42.3002437657583
26.7,42.3002444378604
26.725,42.3002451095455
26.75,42.300245780799
26.775,42.3002464516086
26.8,42.3002471219691
26.825,42.3002477918742
26.85,42.300248461309
26.875,42.3002491302628
26.9,42.3002497987328
26.925,42.3002504667151
26.95,42.3002511341961
26.975,42.3002518011667
27,42.3002524676232
27.025,42.3002531335624
27.05,42.3002537989825
27.075,42.3002544638817
27.1,42.3002551282471
27.125,42.3002557920704
27.15,42.3002564553494
27.175,42.3002571180816
27.2,42.3002577802529
27.225,42.3002584418547
27.25,42.3002591028704
27.275,42.3002597632887
27.3,42.300260423105
27.325,42.3002610823155
27.35,42.3002617409214
27.375,42.3002623989228
27.4,42.3002630563064
27.425,42.3002637130644
27.45,42.3002643691953
27.475,42.3002650246973
27.5,42.300265679557
27.525,42.3002663337647
27.55,42.300266987318
27.575,42.3002676402138
27.6,42.3002682924362
27.625,42.3002689439742
27.65,42.3002695948251
27.675,42.3002702449854
27.7,42.3002708944579
27.725,42.3002715432429
27.75,42.3002721913262
27.775,42.3002728386979
27.8,42.3002734853567
27.825,42.3002741312996
27.85,42.3002747765093
27.875,42.3002754209736
27.9,42.3002760646923
27.925,42.3002767076629
27.95,42.3002773498673
27.975,42.300277991293
28,42.3002786319377
28.025,42.3002792717974
28.05,42.3002799108733
28.075,42.3002805491639
28.1,42.3002811866841
28.125,42.3002818234409
28.15,42.3002824594294
28.175,42.3002830946453
28.2,42.3002837290985
28.225,42.3002843627928
28.25,42.3002849957167
28.275,42.3002856278616
28.3,42.300286259231
28.325,42.3002868898249
28.35,42.3002875196531
28.375,42.3002881487203
28.4,42.3002887770105
28.425,42.300289404513
28.45,42.3002900312274
28.475,42.3002906571509
28.5,42.3002912822917
28.525,42.3002919066527
28.55,42.3002925302154
28.575,42.3002931529669
28.6,42.3002937749081
28.625,42.3002943960369
28.65,42.3002950163584
28.675,42.3002956358735
28.7,42.3002962545647
28.725,42.3002968724196
28.75,42.3002974894161
28.775,42.3002981055356
28.8,42.3002987207716
28.825,42.3002993351173
28.85,42.3002999485791
28.875,42.3003005611588
28.9,42.3003011728289
28.925,42.300301783571
28.95,42.300302393383
28.975,42.3003030022608
29,42.3003036101745
29.025,42.3003042171037
29.05,42.3003048230402
29.075,42.300305427976
29.1,42.3003060318809
29.125,42.3003066347347
29.15,42.3003072364926
29.175,42.3003078371254
29.2,42.3003084366235
29.225,42.3003090349783
29.25,42.3003096321846
29.275,42.3003102282378
29.3,42.3003108231494
29.325,42.3003114169228
29.35,42.300312009566
29.375,42.3003126010841
29.4,42.3003131914851
29.425,42.3003137807749
29.45,42.3003143689697
29.475,42.300314956081
29.5,42.3003155421207
29.525,42.300316127097
29.55,42.3003167110234
29.575,42.3003172939092
29.6,42.3003178757624
29.625,42.3003184565893
29.65,42.3003190363882
29.675,42.3003196151592
29.7,42.3003201929086
29.725,42.3003207696412
29.75,42.3003213453594
29.775,42.3003219200661
29.8,42.3003224937672
29.825,42.3003230664679
29.85,42.3003236381697
29.875,42.3003242088761
29.9,42.3003247785855
29.925,42.3003253472994
29.95,42.3003259150218
29.975,42.3003264817572
30,42.3003270475042
30.025,42.3003276122643
30.05,42.3003281760258
30.075,42.3003287387824
30.1,42.3003293005373
30.125,42.3003298612964
30.15,42.3003304210445
30.175,42.3003309797746
30.2,42.3003315374678
30.225,42.300332094118
30.25,42.3003326497013
30.275,42.3003332042073
30.3,42.3003337576074
30.325,42.3003343098873
30.35,42.3003348610074
30.375,42.3003354109468
30.4,42.300335959657
30.425,42.3003365071125
30.45,42.3003370532789
30.475,42.3003375981407
30.5,42.3003381416707
30.525,42.3003386838576
30.55,42.3003392246614
30.575,42.3003397640609
30.6,42.3003403020235
30.625,42.300340838534
30.65,42.3003413735491
30.675,42.3003419070451
30.7,42.3003424389886
30.725,42.3003429693633
30.75,42.300343498141
30.775,42.3003440253076
30.8,42.3003445508247
30.825,42.3003450746685
30.85,42.3003455968061
30.875,42.3003461172181
30.9,42.3003466358603
30.925,42.3003471527029
30.95,42.30034766771
30.975,42.3003481808587
31,42.3003486921092
31.025,42.3003492014327
31.05,42.3003497087928
31.075,42.300350214163
31.1,42.300350717508
31.125,42.3003512187997
31.15,42.300351718
31.175,42.3003522150772
31.2,42.3003527099821
31.225,42.3003532026714
31.25,42.300353693097
31.275,42.3003541812186
31.3,42.3003546669863
31.325,42.3003551503545
31.35,42.3003556312802
31.375,42.3003561097252
31.4,42.3003565856585
31.425,42.3003570590509
31.45,42.3003575298756
31.475,42.3003579981039
31.5,42.3003584637053
31.525,42.3003589266461
31.55,42.3003593868907
31.575,42.3003598444004
31.6,42.3003602992083
31.625,42.3003607513422
31.65,42.3003612008206
31.675,42.3003616476528
31.7,42.3003620918411
31.725,42.3003625333798
31.75,42.3003629722554
31.775,42.3003634084477
31.8,42.3003638419294
31.825,42.3003642726672
31.85,42.300364700623
31.875,42.3003651257537
31.9,42.300365548008
31.925,42.3003659673301
31.95,42.3003663836599
31.975,42.3003667969337
32,42.3003672070802
32.025,42.3003676140246
32.05,42.3003680176872
32.075,42.3003684179855
32.1,42.3003688148323
32.125,42.3003692081377
32.15,42.3003695978065
32.175,42.3003699837408
32.2,42.3003703658374
32.225,42.3003707439911
32.25,42.3003711180931
32.275,42.3003714880326
32.3,42.3003718536945
32.325,42.3003722149619
32.35,42.3003725717157
32.375,42.3003729238356
32.4,42.3003732711986
32.425,42.3003736136809
32.45,42.3003739511562
32.475,42.3003742834976
32.5,42.300374610575
32.525,42.3003749322581
32.55,42.3003752484062
32.575,42.3003755588777
32.6,42.3003758635303
32.625,42.3003761622232
32.65,42.3003764548136
32.675,42.3003767411604
32.7,42.3003770210765
32.725,42.3003772943725
32.75,42.3003775608527
32.775,42.300377820334
32.8,42.3003780726414
32.825,42.300378317615
32.85,42.300378555096
32.875,42.3003787849382
32.9,42.3003790069936
32.925,42.3003792211909
32.95,42.3003794274257
32.975,42.3003796256449
33,42.3003798158709
33.025,42.3003799980084
33.05,42.3003801719441
33.075,42.300380337564
33.1,42.3003804947603
33.125,42.3003806434336
33.15,42.3003807835043
33.175,42.3003809149104
33.2,42.3003810376039
33.225,42.3003811515456
33.25,42.3003812567094
33.275,42.3003813530791
33.3,42.3003814406486
33.325,42.3003815194204
33.35,42.300381589403
33.375,42.3003816506138
33.4,42.300381703076
33.425,42.3003817468137
33.45,42.3003817818516
33.475,42.3003818082237
33.5,42.3003818258597
33.525,42.3003818348293
33.55,42.3003818350968
33.575,42.3003818267857
33.6,42.3003818099067
33.625,42.3003817846265
33.65,42.3003817509817
33.675,42.3003817091698
33.7,42.3003816593254
33.725,42.3003816016496
33.75,42.3003815361511
33.775,42.3003814630398
33.8,42.3003813822907
33.825,42.3003812941525
33.85,42.3003811987358
33.875,42.3003810963109
33.9,42.3003809869196
33.925,42.3003808708426
33.95,42.3003807482092
33.975,42.3003806193054
34,42.3003804840312
34.025,42.3003803427094
34.05,42.3003801955192
34.075,42.3003800428085
34.1,42.3003798847106
34.125,42.3003797215565
34.15,42.3003795535188
34.175,42.3003793809014
34.2,42.300379203597
34.225,42.3003790219429
34.25,42.3003788360068
34.275,42.3003786461471
34.3,42.3003784523252
34.325,42.3003782549579
34.35,42.3003780541715
34.375,42.3003778504256
34.4,42.3003776438822
34.425,42.3003774350081
34.45,42.3003772239738
34.475,42.3003770112454
34.5,42.3003767969809
34.525,42.3003765817
34.55,42.3003763657422
34.575,42.3003761495946
34.6,42.3003759335544
34.625,42.3003757180474
34.65,42.3003755033829
34.675,42.3003752898987
34.7,42.3003750778187
34.725,42.3003748674161
34.75,42.300374658861
34.775,42.3003744523755
34.8,42.300374248122
34.825,42.300374046278
34.85,42.3003738469605
34.875,42.300373650315
34.9,42.3003734564425
34.925,42.3003732654642
34.95,42.3003730774681
34.975,42.3003728925479
35,42.3003727107667
35.025,42.3003725322051
35.05,42.3003723569272
35.075,42.3003721849951
35.1,42.3003720164545
35.125,42.3003718513508
35.15,42.3003716897207
35.175,42.300371531596
35.2,42.3003713770064
35.225,42.3003712259739
35.25,42.3003710785236
35.275,42.300370934667
35.3,42.3003707944193
35.325,42.3003706577832
35.35,42.3003705247625
35.375,42.3003703953491
35.4,42.3003702695289
35.425,42.300370147296
35.45,42.3003700283936
35.475,42.3003699129113
35.5,42.3003698008109
35.525,42.3003696922805
35.55,42.3003695874084
35.575,42.3003694864062
35.6,42.3003693894089
35.625,42.3003692966071
35.65,42.300369207989
35.675,42.3003691237598
35.7,42.3003690441609
35.725,42.3003689693443
35.75,42.3003688993155
35.775,42.3003688342022
35.8,42.3003687742321
35.825,42.3003687194638
35.85,42.3003686698365
35.875,42.3003686253929
35.9,42.3003685863676
35.925,42.3003685527217
35.95,42.3003685244264
35.975,42.3003685013861
36,42.3003684836515
36.025,42.3003684710872
36.05,42.3003684636822
36.075,42.3003684612551
36.1,42.3003684637417
36.125,42.3003684709426
36.15,42.3003684827828
36.175,42.300368499058
36.2,42.3003685196816
36.225,42.3003685444542
36.25,42.3003685732891
36.275,42.3003686059954
36.3,42.3003686424972
36.325,42.3003686826129
36.35,42.3003687266362
36.375,42.3003687742752
36.4,42.300368825179
36.425,42.3003688790561
36.45,42.3003689359179
36.475,42.3003689954842
36.5,42.3003690576457
36.525,42.3003691221208
36.55,42.3003691888455
36.575,42.3003692575489
36.6,42.300369328162
36.625,42.3003694004092
36.65,42.3003694741115
36.675,42.3003695490274
36.7,42.3003696250804
36.725,42.3003697020543
36.75,42.300369779929
36.775,42.3003698584772
36.8,42.300369937543
36.825,42.3003700169203
36.85,42.300370096515
36.875,42.3003701761489
36.9,42.3003702556977
36.925,42.3003703350173
36.95,42.3003704140342
36.975,42.3003704926299
37,42.3003705707187
37.025,42.3003706482062
37.05,42.3003707250318
37.075,42.3003708011061
37.1,42.3003708763606
37.125,42.3003709507214
37.15,42.3003710241332
37.175,42.3003710965371
37.2,42.3003711678983
37.225,42.3003712381672
37.25,42.3003713073085
37.275,42.3003713752788
37.3,42.300371442043
37.325,42.3003715075663
37.35,42.300371571823
37.375,42.3003716347851
37.4,42.3003716964289
37.425,42.3003717567334
37.45,42.3003718156798
37.475,42.3003718732526
37.5,42.3003719294378
37.525,42.3003719842246
37.55,42.3003720376012
37.575,42.3003720895609
37.6,42.3003721400939
37.625,42.3003721891977
37.65,42.3003722368645
37.675,42.3003722830956
37.7,42.3003723278868
37.725,42.3003723712425
37.75,42.3003724131574
37.775,42.3003724536392
37.8,42.3003724926896
37.825,42.3003725303189
37.85,42.3003725665249
37.875,42.3003726013208
37.9,42.3003726347096
37.925,42.3003726667068
37.95,42.3003726973151
37.975,42.3003727265521
38,42.3003727544269
38.025,42.3003727809576
38.05,42.3003728061479
38.075,42.3003728300164
38.1,42.3003728525675
38.125,42.3003728738217
38.15,42.3003728937835
38.175,42.3003729124755
38.2,42.300372929906
38.225,42.3003729460987
38.25,42.3003729610594
38.275,42.3003729748133
38.3,42.3003729873707
38.325,42.3003729987577
38.35,42.3003730089791
38.375,42.3003730180625
38.4,42.3003730260234
38.425,42.3003730328892
38.45,42.3003730386733
38.475,42.3003730434012
38.5,42.3003730470762
38.525,42.3003730497254
38.55,42.3003730513647
38.575,42.3003730520208
38.6,42.3003730516948
38.625,42.3003730504149
38.65,42.3003730481995
38.675,42.3003730450766
38.7,42.3003730410481
38.725,42.3003730361434
38.75,42.3003730303783
38.775,42.3003730237824
38.8,42.3003730163606
38.825,42.3003730081433
38.85,42.3003729991481
38.875,42.3003729894045
38.9,42.3003729789183
38.925,42.3003729677193
38.95,42.3003729558246
38.975,42.3003729432628
39,42.3003729300407
39.025,42.3003729161868
39.05,42.3003729017077
39.075,42.3003728866337
39.1,42.3003728709845
39.125,42.3003728547888
39.15,42.3003728380558
39.175,42.3003728208125
39.2,42.3003728030731
39.225,42.3003727848628
39.25,42.3003727661864
39.275,42.3003727470692
39.3,42.3003727275186
39.325,42.3003727075615
39.35,42.3003726872133
39.375,42.3003726664996
39.4,42.3003726454273
39.425,42.3003726240211
39.45,42.3003726022925
39.475,42.3003725802655
39.5,42.3003725579526
39.525,42.3003725353756
39.55,42.3003725125418
39.575,42.300372489472
39.6,42.3003724661718
39.625,42.3003724426624
39.65,42.3003724189556
39.675,42.3003723950715
39.7,42.300372371019
39.725,42.3003723468165
39.75,42.3003723224689
39.775,42.3003722979947
39.8,42.3003722734047
39.825,42.3003722487163
39.85,42.300372223936
39.875,42.3003721990799
39.9,42.300372174153
39.925,42.3003721491714
39.95,42.3003721241405
39.975,42.3003720990764
40,42.3003720739869
40.025,42.3003720488872
40.05,42.3003720237851
40.075,42.300371998694
40.1,42.300371973617
40.125,42.3003719485669
40.15,42.3003719235503
40.175,42.3003718985796
40.2,42.3003718736609
40.225,42.3003718488054
40.25,42.3003718240173
40.275,42.300371799307
40.3,42.3003717746786
40.325,42.3003717501423
40.35,42.3003717257035
40.375,42.3003717013716
40.4,42.3003716771499
40.425,42.300371653047
40.45,42.300371629066
40.475,42.3003716052151
40.5,42.3003715814995
40.525,42.3003715579265
40.55,42.3003715344985
40.575,42.300371511222
40.6,42.3003714880997
40.625,42.3003714651376
40.65,42.300371442338
40.675,42.3003714197069
40.7,42.3003713972469
40.725,42.3003713749639
40.75,42.3003713528618
40.775,42.3003713309453
40.8,42.3003713092163
40.825,42.3003712876791
40.85,42.3003712663359
40.875,42.3003712451904
40.9,42.3003712242433
40.925,42.3003712034978
40.95,42.3003711829551
40.975,42.3003711626183
41,42.3003711424884
41.025,42.3003711225683
41.05,42.3003711028602
41.075,42.3003710833665
41.1,42.3003710640882
41.125,42.3003710450273
41.15,42.300371026185
41.175,42.3003710075627
41.2,42.3003709891613
41.225,42.3003709709818
41.25,42.300370953025
41.275,42.3003709352915
41.3,42.3003709177821
41.325,42.3003709004973
41.35,42.3003708834373
41.375,42.3003708666023
41.4,42.3003708499932
41.425,42.3003708336099
41.45,42.3003708174526
41.475,42.3003708015209
41.5,42.3003707858154
41.525,42.3003707703352
41.55,42.3003707550805
41.575,42.3003707400503
41.6,42.3003707252438
41.625,42.3003707106599
41.65,42.300370696299
41.675,42.3003706821597
41.7,42.3003706682424
41.725,42.3003706545454
41.75,42.3003706410677
41.775,42.3003706278072
41.8,42.300370614764
41.825,42.3003706019358
41.85,42.3003705893227
41.875,42.3003705769221
41.9,42.3003705647325
41.925,42.3003705527512
41.95,42.3003705409777
41.975,42.3003705294095
42,42.3003705180461
42.025,42.3003705068847
42.05,42.3003704959234
42.075,42.3003704851594
42.1,42.3003704745928
42.125,42.3003704642205
42.15,42.3003704540423
42.175,42.3003704440546
42.2,42.3003704342566
42.225,42.3003704246444
42.25,42.3003704152158
42.275,42.3003704059672
42.3,42.3003703968978
42.325,42.3003703880041
42.35,42.3003703792861
42.375,42.3003703707398
42.4,42.3003703623635
42.425,42.3003703541533
42.45,42.3003703461088
42.475,42.3003703382261
42.5,42.3003703305049
42.525,42.3003703229409
42.55,42.3003703155318
42.575,42.3003703082737
42.6,42.3003703011652
42.625,42.3003702942024
42.65,42.3003702873847
42.675,42.300370280708
42.7,42.3003702741708
42.725,42.3003702677687
42.75,42.3003702614997
42.775,42.3003702553596
42.8,42.3003702493481
42.825,42.3003702434609
42.85,42.3003702376968
42.875,42.3003702320513
42.9,42.3003702265224
42.925,42.3003702211058
42.95,42.3003702158008
42.975,42.3003702106033
43,42.3003702055116
43.025,42.3003702005214
43.05,42.3003701956309
43.075,42.3003701908363
43.1,42.3003701861362
43.125,42.300370181527
43.15,42.3003701770076
43.175,42.3003701725742
43.2,42.3003701682263
43.225,42.3003701639597
43.25,42.3003701597724
43.275,42.3003701556603
43.3,42.300370151622
43.325,42.3003701476536
43.35,42.3003701437539
43.375,42.3003701399193
43.4,42.3003701361477
43.425,42.3003701324356
43.45,42.3003701287823
43.475,42.3003701251842
43.5,42.3003701216393
43.525,42.3003701181443
43.55,42.3003701146985
43.575,42.3003701112985
43.6,42.3003701079436
43.625,42.3003701046302
43.65,42.300370101357
43.675,42.3003700981203
43.7,42.3003700949177
43.725,42.300370091746
43.75,42.300370088604
43.775,42.3003700854887
43.8,42.3003700823999
43.825,42.3003700793343
43.85,42.3003700762908
43.875,42.300370073266
43.9,42.300370070258
43.925,42.3003700672637
43.95,42.3003700642821
43.975,42.3003700613103
44,42.3003700583475
44.025,42.3003700553909
44.05,42.3003700524397
44.075,42.3003700494909
44.1,42.3003700465434
44.125,42.3003700435946
44.15,42.3003700406442
44.175,42.3003700376896
44.2,42.3003700347304
44.225,42.3003700317638
44.25,42.3003700287882
44.275,42.3003700258011
44.3,42.300370022802
44.325,42.3003700197885
44.35,42.3003700167592
44.375,42.300370013712
44.4,42.3003700106456
44.425,42.300370007558
44.45,42.3003700044488
44.475,42.3003700013157
44.5,42.3003699981586
44.525,42.3003699949752
44.55,42.3003699917649
44.575,42.3003699885256
44.6,42.3003699852557
44.625,42.3003699819533
44.65,42.3003699786176
44.675,42.3003699752465
44.7,42.3003699718392
44.725,42.3003699683935
44.75,42.3003699649088
44.775,42.300369961383
44.8,42.300369957815
44.825,42.3003699542028
44.85,42.3003699505464
44.875,42.300369946844
44.9,42.300369943095
44.925,42.3003699392975
44.95,42.3003699354508
44.975,42.3003699315531
45,42.3003699276038
45.025,42.300369923601
45.05,42.3003699195441
45.075,42.3003699154311
45.1,42.300369911261
45.125,42.300369907032
45.15,42.3003699027441
45.175,42.3003698983956
45.2,42.3003698939857
45.225,42.3003698895129
45.25,42.3003698849767
45.275,42.3003698803755
45.3,42.300369875709
45.325,42.3003698709759
45.35,42.3003698661754
45.375,42.3003698613061
45.4,42.3003698563674
45.425,42.300369851358
45.45,42.3003698462776
45.475,42.3003698411247
45.5,42.3003698358993
45.525,42.3003698305998
45.55,42.3003698252259
45.575,42.3003698197762
45.6,42.3003698142502
45.625,42.3003698086465
45.65,42.3003698029651
45.675,42.3003697972047
45.7,42.3003697913645
45.725,42.3003697854433
45.75,42.3003697794408
45.775,42.3003697733556
45.8,42.3003697671872
45.825,42.3003697609344
45.85,42.3003697545967
45.875,42.3003697481731
45.9,42.3003697416633
45.925,42.3003697350664
45.95,42.3003697283822
45.975,42.3003697216096
46,42.3003697147479
46.025,42.3003697077961
46.05,42.3003697007538
46.075,42.3003696936201
46.1,42.3003696863947
46.125,42.3003696790767
46.15,42.3003696716651
46.175,42.3003696641592
46.2,42.300369656559
46.225,42.3003696488636
46.25,42.3003696410727
46.275,42.3003696331855
46.3,42.3003696252019
46.325,42.300369617121
46.35,42.3003696089425
46.375,42.3003696006658
46.4,42.3003695922901
46.425,42.300369583815
46.45,42.3003695752405
46.475,42.300369566566
46.5,42.3003695577907
46.525,42.3003695489144
46.55,42.300369539937
46.575,42.3003695308583
46.6,42.3003695216783
46.625,42.3003695123968
46.65,42.3003695030133
46.675,42.3003694935276
46.7,42.3003694839394
46.725,42.3003694742484
46.75,42.3003694644538
46.775,42.3003694545557
46.8,42.3003694445548
46.825,42.3003694344514
46.85,42.300369424245
46.875,42.3003694139362
46.9,42.3003694035255
46.925,42.3003693930132
46.95,42.3003693823987
46.975,42.3003693716826
47,42.3003693608654
47.025,42.3003693499478
47.05,42.3003693389294
47.075,42.300369327811
47.1,42.3003693165931
47.125,42.3003693052765
47.15,42.3003692938616
47.175,42.3003692823493
47.2,42.3003692707388
47.225,42.3003692590313
47.25,42.3003692472276
47.275,42.3003692353291
47.3,42.3003692233348
47.325,42.3003692112464
47.35,42.3003691990648
47.375,42.3003691867913
47.4,42.3003691744256
47.425,42.3003691619695
47.45,42.3003691494236
47.475,42.3003691367899
47.5,42.3003691240679
47.525,42.3003691112605
47.55,42.3003690983694
47.575,42.3003690853973
47.6,42.3003690723456
47.625,42.3003690592168
47.65,42.3003690460098
47.675,42.3003690327275
47.7,42.3003690193717
47.725,42.3003690059449
47.75,42.3003689924456
47.775,42.3003689788772
47.8,42.300368965242
47.825,42.3003689515436
47.85,42.3003689377812
47.875,42.3003689239588
47.9,42.3003689100767
47.925,42.3003688961366
47.95,42.3003688821378
47.975,42.3003688680846
48,42.3003688539797
48.025,42.3003688398274
48.05,42.3003688256303
48.075,42.3003688113923
48.1,42.3003687971127
48.125,42.300368782796
48.15,42.3003687684416
48.175,42.3003687540554
48.2,42.3003687396408
48.225,42.3003687252037
48.25,42.300368710747
48.275,42.300368696276
48.3,42.3003686817926
48.325,42.3003686673018
48.35,42.3003686528052
48.375,42.3003686383079
48.4,42.3003686238093
48.425,42.3003686093154
48.45,42.3003685948306
48.475,42.3003685803604
48.5,42.3003685659048
48.525,42.30036855147
48.55,42.3003685370576
48.575,42.3003685226742
48.6,42.3003685083241
48.625,42.3003684940135
48.65,42.3003684797431
48.675,42.3003684655191
48.7,42.3003684513453
48.725,42.3003684372273
48.75,42.3003684231653
48.775,42.3003684091654
48.8,42.3003683952313
48.825,42.300368381369
48.85,42.3003683675792
48.875,42.300368353868
48.9,42.3003683402389
48.925,42.3003683266978
48.95,42.3003683132457
48.975,42.3003682998884
49,42.3003682866294
49.025,42.3003682734743
49.05,42.3003682604241
49.075,42.3003682474848
49.1,42.3003682346578
49.125,42.3003682219493
49.15,42.3003682093631
49.175,42.3003681969048
49.2,42.3003681845757
49.225,42.3003681723811
49.25,42.3003681603242
49.275,42.30036814841
49.3,42.3003681366398
49.325,42.3003681250182
49.35,42.3003681135479
49.375,42.3003681022329
49.4,42.3003680910745
49.425,42.3003680800763
49.45,42.3003680692404
49.475,42.3003680585698
49.5,42.3003680480656
49.525,42.3003680377305
49.55,42.3003680275662
49.575,42.3003680175749
49.6,42.3003680077575
49.625,42.3003679981161
49.65,42.3003679886522
49.675,42.3003679793675
49.7,42.3003679702629
49.725,42.3003679613399
49.75,42.3003679525992
49.775,42.3003679440417
49.8,42.3003679356682
49.825,42.3003679274792
49.85,42.3003679194753
49.875,42.3003679116567
49.9,42.3003679040236
49.925,42.3003678965758
49.95,42.3003678893137
49.975,42.3003678822368
50,42.3003678753454
50.025,42.3003678686387
50.05,42.3003678621175
50.075,42.3003678557807
50.1,42.3003678496281
50.125,42.3003678436584
50.15,42.300367837872
50.175,42.3003678322674
50.2,42.3003678268445
50.225,42.3003678216017
50.25,42.3003678165376
50.275,42.3003678116507
50.3,42.3003678069411
50.325,42.3003678024069
50.35,42.3003677980478
50.375,42.3003677938614
50.4,42.3003677898474
50.425,42.300367786003
50.45,42.3003677823275
50.475,42.3003677788179
50.5,42.3003677754736
50.525,42.3003677722916
50.55,42.3003677692699
50.575,42.3003677664057
50.6,42.3003677636983
50.625,42.3003677611448
50.65,42.300367758745
50.675,42.300367756496
50.7,42.3003677543977
50.725,42.3003677524467
50.75,42.3003677506418
50.775,42.3003677489796
50.8,42.3003677474577
50.825,42.3003677460729
50.85,42.3003677448245
50.875,42.3003677437093
50.9,42.3003677427267
50.925,42.3003677418735
50.95,42.3003677411492
50.975,42.3003677405502
51,42.3003677400748
51.025,42.3003677397194
51.05,42.3003677394835
51.075,42.3003677393633
51.1,42.3003677393569
51.125,42.3003677394605
51.15,42.3003677396728
51.175,42.3003677399902
51.2,42.3003677404126
51.225,42.3003677409365
51.25,42.3003677415598
51.275,42.3003677422792
51.3,42.3003677430936
51.325,42.3003677439997
51.35,42.3003677449973
51.375,42.3003677460825
51.4,42.300367747254
51.425,42.3003677485078
51.45,42.3003677498419
51.475,42.3003677512525
51.5,42.3003677527382
51.525,42.3003677542957
51.55,42.3003677559247
51.575,42.3003677576219
51.6,42.3003677593848
51.625,42.3003677612102
51.65,42.3003677630977
51.675,42.300367765044
51.7,42.3003677670486
51.725,42.3003677691078
51.75,42.3003677712197
51.775,42.3003677733805
51.8,42.3003677755896
51.825,42.3003677778434
51.85,42.3003677801411
51.875,42.3003677824792
51.9,42.3003677848556
51.925,42.3003677872669
51.95,42.3003677897122
51.975,42.3003677921883
52,42.3003677946937
52.025,42.3003677972252
52.05,42.3003677997818
52.075,42.3003678023604
52.1,42.3003678049593
52.125,42.3003678075751
52.15,42.3003678102067
52.175,42.3003678128509
52.2,42.3003678155073
52.225,42.3003678181728
52.25,42.3003678208456
52.275,42.3003678235227
52.3,42.3003678262036
52.325,42.3003678288854
52.35,42.3003678315671
52.375,42.3003678342457
52.4,42.3003678369197
52.425,42.3003678395863
52.45,42.3003678422445
52.475,42.3003678448916
52.5,42.3003678475263
52.525,42.3003678501461
52.55,42.3003678527498
52.575,42.3003678553349
52.6,42.3003678579007
52.625,42.3003678604445
52.65,42.3003678629658
52.675,42.3003678654619
52.7,42.3003678679325
52.725,42.3003678703749
52.75,42.3003678727877
52.775,42.3003678751683
52.8,42.3003678775153
52.825,42.3003678798264
52.85,42.3003678821007
52.875,42.3003678843358
52.9,42.3003678865311
52.925,42.3003678886843
52.95,42.3003678907943
52.975,42.3003678928592
53,42.3003678948784
53.025,42.30036789685
53.05,42.3003678987735
53.075,42.3003679006467
53.1,42.3003679024693
53.125,42.3003679042392
53.15,42.3003679059553
53.175,42.3003679076158
53.2,42.3003679092196
53.225,42.3003679107651
53.25,42.300367912252
53.275,42.3003679136786
53.3,42.3003679150441
53.325,42.300367916347
53.35,42.3003679175872
53.375,42.3003679187632
53.4,42.300367919874
53.425,42.3003679209182
53.45,42.3003679218953
53.475,42.3003679228039
53.5,42.3003679236434
53.525,42.3003679244125
53.55,42.3003679251102
53.575,42.3003679257353
53.6,42.3003679262872
53.625,42.3003679267648
53.65,42.3003679271678
53.675,42.3003679274952
53.7,42.300367927747
53.725,42.3003679279223
53.75,42.3003679280206
53.775,42.3003679280412
53.8,42.3003679279832
53.825,42.3003679278458
53.85,42.3003679276287
53.875,42.3003679273312
53.9,42.3003679269526
53.925,42.3003679264924
53.95,42.3003679259499
53.975,42.3003679253247
54,42.3003679246168
54.025,42.3003679238258
54.05,42.3003679229516
54.075,42.3003679219939
54.1,42.3003679209526
54.125,42.3003679198273
54.15,42.3003679186177
54.175,42.3003679173237
54.2,42.3003679159448
54.225,42.300367914481
54.25,42.300367912932
54.275,42.3003679112981
54.3,42.3003679095793
54.325,42.300367907776
54.35,42.3003679058882
54.375,42.3003679039161
54.4,42.3003679018596
54.425,42.300367899719
54.45,42.300367897494
54.475,42.300367895185
54.5,42.3003678927918
54.525,42.3003678903148
54.55,42.3003678877541
54.575,42.3003678851102
54.6,42.3003678823828
54.625,42.3003678795728
54.65,42.3003678766804
54.675,42.3003678737065
54.7,42.3003678706513
54.725,42.3003678675158
54.75,42.3003678643
54.775,42.3003678610048
54.8,42.3003678576304
54.825,42.3003678541776
54.85,42.3003678506464
54.875,42.3003678470378
54.9,42.3003678433519
54.925,42.3003678395898
54.95,42.3003678357515
54.975,42.300367831838
55,42.3003678278497
55.025,42.3003678237879
55.05,42.3003678196532
55.075,42.3003678154467
55.1,42.3003678111688
55.125,42.3003678068207
55.15,42.3003678024028
55.175,42.3003677979162
55.2,42.3003677933607
55.225,42.3003677887379
55.25,42.3003677840485
55.275,42.3003677792941
55.3,42.3003677744748
55.325,42.300367769592
55.35,42.3003677646465
55.375,42.3003677596397
55.4,42.3003677545724
55.425,42.300367749446
55.45,42.3003677442608
55.475,42.3003677390183
55.5,42.3003677337192
55.525,42.3003677283649
55.55,42.3003677229553
55.575,42.3003677174921
55.6,42.3003677119761
55.625,42.3003677064088
55.65,42.3003677007905
55.675,42.3003676951229
55.7,42.3003676894068
55.725,42.3003676836438
55.75,42.3003676778342
55.775,42.3003676719794
55.8,42.3003676660799
55.825,42.3003676601372
55.85,42.3003676541511
55.875,42.300367648123
55.9,42.3003676420538
55.925,42.3003676359445
55.95,42.3003676297955
55.975,42.300367623608
56,42.3003676173828
56.025,42.3003676111206
56.05,42.3003676048223
56.075,42.3003675984884
56.1,42.3003675921194
56.125,42.3003675857157
56.15,42.3003675792778
56.175,42.3003675728059
56.2,42.3003675663004
56.225,42.3003675597614
56.25,42.3003675531892
56.275,42.300367546584
56.3,42.3003675399464
56.325,42.3003675332762
56.35,42.3003675265734
56.375,42.3003675198378
56.4,42.3003675130698
56.425,42.3003675062687
56.45,42.3003674994341
56.475,42.3003674925649
56.5,42.3003674856616
56.525,42.3003674787228
56.55,42.3003674717483
56.575,42.3003674647365
56.6,42.3003674576877
56.625,42.3003674506001
56.65,42.3003674434731
56.675,42.3003674363046
56.7,42.3003674290952
56.725,42.3003674218424
56.75,42.3003674145444
56.775,42.3003674071973
56.8,42.3003673998004
56.825,42.3003673923511
56.85,42.3003673848489
56.875,42.3003673772913
56.9,42.3003673696779
56.925,42.3003673620057
56.95,42.3003673542746
56.975,42.3003673464813
57,42.3003673386252
57.025,42.3003673307026
57.05,42.3003673227122
57.075,42.3003673146502
57.1,42.3003673065161
57.125,42.3003672983062
57.15,42.3003672900196
57.175,42.3003672816521
57.2,42.3003672732032
57.225,42.3003672646685
57.25,42.3003672560454
57.275,42.3003672473295
57.3,42.3003672385199
57.325,42.3003672296122
57.35,42.3003672206053
57.375,42.3003672114949
57.4,42.3003672022795
57.425,42.3003671929548
57.45,42.3003671835193
57.475,42.3003671739688
57.5,42.3003671643013
57.525,42.3003671545131
57.55,42.3003671446034
57.575,42.3003671345684
57.6,42.3003671244067
57.625,42.3003671141146
57.65,42.3003671036912
57.675,42.3003670931331
57.7,42.3003670824385
57.725,42.3003670716039
57.75,42.3003670606277
57.775,42.3003670495067
57.8,42.30036703824
57.825,42.3003670268247
57.85,42.30036701526
57.875,42.3003670035431
57.9,42.3003669916731
57.925,42.3003669796477
57.95,42.3003669674656
57.975,42.3003669551246
58,42.3003669426236
58.025,42.3003669299608
58.05,42.300366917136
58.075,42.3003669041471
58.1,42.3003668909933
58.125,42.3003668776728
58.15,42.3003668641849
58.175,42.3003668505282
58.2,42.3003668367025
58.225,42.3003668227067
58.25,42.3003668085399
58.275,42.3003667942013
58.3,42.300366779691
58.325,42.3003667650082
58.35,42.3003667501529
58.375,42.3003667351245
58.4,42.3003667199226
58.425,42.3003667045468
58.45,42.3003666889967
58.475,42.3003666732722
58.5,42.300366657373
58.525,42.3003666412995
58.55,42.3003666250518
58.575,42.3003666086304
58.6,42.3003665920346
58.625,42.3003665752653
58.65,42.3003665583229
58.675,42.3003665412082
58.7,42.3003665239215
58.725,42.3003665064634
58.75,42.3003664888337
58.775,42.3003664710334
58.8,42.3003664530632
58.825,42.3003664349244
58.85,42.3003664166176
58.875,42.3003663981442
58.9,42.3003663795039
58.925,42.3003663606988
58.95,42.3003663417295
58.975,42.300366322598
59,42.3003663033055
59.025,42.3003662838542
59.05,42.3003662642442
59.075,42.3003662444777
59.1,42.3003662245549
59.125,42.3003662044783
59.15,42.3003661842483
59.175,42.3003661638676
59.2,42.3003661433366
59.225,42.3003661226584
59.25,42.3003661018346
59.275,42.3003660808685
59.3,42.3003660597608
59.325,42.3003660385148
59.35,42.3003660171306
59.375,42.3003659956123
59.4,42.3003659739625
59.425,42.3003659521849
59.45,42.3003659302804
59.475,42.3003659082526
59.5,42.3003658861007
59.525,42.3003658638292
59.55,42.3003658414389
59.575,42.3003658189346
59.6,42.3003657963183
59.625,42.3003657735949
59.65,42.3003657507654
59.675,42.3003657278356
59.7,42.3003657048064
59.725,42.3003656816841
59.75,42.3003656584685
59.775,42.3003656351671
59.8,42.3003656117842
59.825,42.3003655883268
59.85,42.3003655647963
59.875,42.3003655411997
59.9,42.3003655175374
59.925,42.3003654938169
59.95,42.3003654700401
59.975,42.3003654462147
60,42.3003654223433
60.025,42.3003653984337
60.05,42.3003653744863
60.075,42.3003653505101
60.1,42.3003653265067
60.125,42.3003653024861
60.15,42.300365278451
60.175,42.3003652544121
60.2,42.3003652303704
60.225,42.3003652063374
60.25,42.3003651823188
60.275,42.3003651583256
60.3,42.3003651343607
60.325,42.300365110435
60.35,42.3003650865462
60.375,42.3003650627073
60.4,42.3003650389255
60.425,42.3003650152138
60.45,42.3003649915728
60.475,42.3003649680159
60.5,42.3003649445487
60.525,42.3003649211842
60.55,42.300364897926
60.575,42.3003648747873
60.6,42.3003648517688
60.625,42.3003648288846
60.65,42.3003648061373
60.675,42.3003647835419
60.7,42.3003647610992
60.725,42.300364738826
60.75,42.3003647167306
60.775,42.3003646948291
60.8,42.3003646731226
60.825,42.3003646516278
60.85,42.3003646303509
60.875,42.3003646093085
60.9,42.3003645884966
60.925,42.3003645679349
60.95,42.3003645476331
60.975,42.3003645276112
61,42.3003645078752
61.025,42.3003644884436
61.05,42.3003644693159
61.075,42.300364450512
61.1,42.3003644320397
61.125,42.3003644139192
61.15,42.3003643961512
61.175,42.3003643787568
61.2,42.3003643617378
61.225,42.3003643451168
61.25,42.3003643289026
61.275,42.3003643131174
61.3,42.3003642977609
61.325,42.3003642828564
61.35,42.300364268412
61.375,42.3003642544512
61.4,42.3003642409814
61.425,42.3003642280244
61.45,42.3003642155777
61.475,42.3003642036659
61.5,42.3003641922997
61.525,42.3003641815025
61.55,42.3003641712789
61.575,42.3003641616511
61.6,42.3003641526135
61.625,42.300364144192
61.65,42.3003641363975
61.675,42.3003641292549
61.7,42.3003641227714
61.725,42.3003641169701
61.75,42.3003641118487
61.775,42.300364107432
61.8,42.3003641037249
61.825,42.3003641007528
61.85,42.3003640985225
61.875,42.300364097058
61.9,42.3003640963553
61.925,42.3003640964407
61.95,42.3003640973148
61.975,42.3003640990062
62,42.3003641015242
62.025,42.3003641048954
62.05,42.3003641091244
62.075,42.300364114236
62.1,42.3003641202273
62.125,42.3003641271244
62.15,42.3003641349233
62.175,42.3003641436524
62.2,42.300364153318
62.225,42.3003641639466
62.25,42.3003641755267
62.275,42.3003641880883
62.3,42.3003642016388
62.325,42.3003642162065
62.35,42.3003642317978
62.375,42.3003642484374
62.4,42.3003642661272
62.425,42.3003642848898
62.45,42.3003643047103
62.475,42.3003643256172
62.5,42.300364347613
62.525,42.3003643707273
62.55,42.3003643949627
62.575,42.3003644203476
62.6,42.3003644468885
62.625,42.3003644746103
62.65,42.3003645034954
62.675,42.3003645335752
62.7,42.3003645648542
62.725,42.3003645973637
62.75,42.3003646311105
62.775,42.3003646661225
62.8,42.3003647023801
62.825,42.3003647399189
62.85,42.3003647787472
62.875,42.300364818899
62.9,42.3003648603784
62.925,42.3003649032166
62.95,42.3003649473929
62.975,42.3003649929476
63,42.3003650398955
63.025,42.3003650882729
63.05,42.3003651380696
63.075,42.3003651893255
63.1,42.3003652420488
63.125,42.300365296277
63.15,42.3003653520188
63.175,42.3003654093065
63.2,42.3003654681313
63.225,42.3003655285285
63.25,42.3003655904963
63.275,42.3003656540711
63.3,42.3003657192613
63.325,42.3003657861001
63.35,42.3003658545746
63.375,42.3003659247239
63.4,42.3003659965566
63.425,42.3003660701089
63.45,42.3003661453728
63.475,42.3003662223884
63.5,42.3003663011607
63.525,42.3003663817281
63.55,42.300366464097
63.575,42.3003665483029
63.6,42.3003666343352
63.625,42.3003667222348
63.65,42.3003668120116
63.675,42.300366903703
63.7,42.3003669973002
63.725,42.3003670928454
63.75,42.3003671903504
63.775,42.3003672898542
63.8,42.300367391362
63.825,42.3003674949093
63.85,42.300367600482
63.875,42.300367708123
63.9,42.3003678178481
63.925,42.3003679296952
63.95,42.3003680436558
63.975,42.3003681597731
64,42.3003682780624
64.025,42.3003683985634
64.05,42.3003685212861
64.075,42.3003686462653
64.1,42.3003687734905
64.125,42.3003689030035
64.15,42.3003690348196
64.175,42.3003691689763
64.2,42.3003693055023
64.225,42.3003694444609
64.25,42.300369585879
64.275,42.3003697298189
64.3,42.3003698763135
64.325,42.3003700254224
64.35,42.3003701771645
64.375,42.3003703316018
64.4,42.3003704887607
64.425,42.3003706487051
64.45,42.3003708114569
64.475,42.3003709770839
64.5,42.3003711456219
64.525,42.3003713171383
64.55,42.3003714916725
64.575,42.3003716692888
64.6,42.3003718500168
64.625,42.3003720339215
64.65,42.3003722210332
64.675,42.3003724114179
64.7,42.3003726051135
64.725,42.3003728021851
64.75,42.3003730026528
64.775,42.3003732065863
64.8,42.3003734140336
64.825,42.3003736250628
64.85,42.3003738397045
64.875,42.300374058028
64.9,42.3003742800744
64.925,42.3003745059128
64.95,42.3003747355898
64.975,42.300374969172
65,42.3003752066927
65.025,42.30037544822
65.05,42.3003756937951
65.075,42.3003759434866
65.1,42.3003761973403
65.125,42.3003764554234
65.15,42.3003767177695
65.175,42.3003769844466
65.2,42.3003772554995
65.225,42.3003775309968
65.25,42.3003778109871
65.275,42.3003780955377
65.3,42.3003783846844
65.325,42.3003786784957
65.35,42.3003789770248
65.375,42.3003792803389
65.4,42.3003795884788
65.425,42.3003799015111
65.45,42.3003802194822
65.475,42.3003805424585
65.5,42.3003808704924
65.525,42.3003812036487
65.55,42.3003815419685
65.575,42.3003818855153
65.6,42.3003822343382
65.625,42.3003825885004
65.65,42.3003829480477
65.675,42.3003833130426
65.7,42.3003836835361
65.725,42.3003840595895
65.75,42.3003844412556
65.775,42.300384828593
65.8,42.3003852216471
65.825,42.3003856204749
65.85,42.3003860251233
65.875,42.3003864356477
65.9,42.3003868520969
65.925,42.3003872745243
65.95,42.3003877029721
65.975,42.3003881374906
66,42.3003885781259
66.025,42.3003890249258
66.05,42.3003894779339
66.075,42.3003899371944
66.1,42.3003904026697
66.125,42.3003908743337
66.15,42.3003913521616
66.175,42.3003918361292
66.2,42.3003923262109
66.225,42.300392822381
66.25,42.3003933246044
66.275,42.3003938328445
66.3,42.3003943470685
66.325,42.3003948672375
66.35,42.3003953933214
66.375,42.3003959252784
66.4,42.3003964630744
66.425,42.3003970066622
66.45,42.3003975560183
66.475,42.3003981110902
66.5,42.3003986718419
66.525,42.3003992382119
66.55,42.3003998101542
66.575,42.3004003875991
66.6,42.3004009704934
66.625,42.3004015587615
66.65,42.3004021523483
66.675,42.3004027511708
66.7,42.3004033551824
66.725,42.300403964297
66.75,42.300404578317
66.775,42.3004051971354
66.8,42.3004058206026
66.825,42.3004064486343
66.85,42.3004070811287
66.875,42.3004077180185
66.9,42.3004083589508
66.925,42.3004090038256
66.95,42.3004096525532
66.975,42.300410305094
67,42.3004109614708
67.025,42.3004116216577
67.05,42.3004122854076
67.075,42.3004129526198
67.1,42.3004136231118
67.125,42.3004142967686
67.15,42.300414973679
67.175,42.3004156538
67.2,42.3004163369285
67.225,42.3004170229519
67.25,42.300417711668
67.275,42.3004184029178
67.3,42.300419096585
67.325,42.3004197925355
67.35,42.3004204905869
67.375,42.300421190581
67.4,42.3004218923879
67.425,42.3004225958649
67.45,42.3004233008668
67.475,42.3004240072319
67.5,42.3004247148749
67.525,42.3004254236404
67.55,42.3004261333643
67.575,42.3004268438846
67.6,42.3004275551011
67.625,42.3004282668617
67.65,42.3004289790768
67.675,42.3004296915998
67.7,42.3004304042775
67.725,42.3004311169604
67.75,42.3004318295614
67.775,42.3004325419442
67.8,42.3004332540965
67.825,42.3004339658869
67.85,42.3004346773952
67.875,42.3004353884695
67.9,42.3004360989151
67.925,42.3004368085316
67.95,42.3004375171863
67.975,42.3004382247232
68,42.3004389311242
68.025,42.3004396362504
68.05,42.3004403399507
68.075,42.3004410420796
68.1,42.3004417426445
68.125,42.3004424415579
68.15,42.3004431387808
68.175,42.3004438342146
68.2,42.3004445277567
68.225,42.3004452193112
68.25,42.3004459088506
68.275,42.3004465962954
68.3,42.3004472815655
68.325,42.3004479645868
68.35,42.3004486453075
68.375,42.3004493236609
68.4,42.3004499995863
68.425,42.3004506730305
68.45,42.3004513439929
68.475,42.3004520124591
68.5,42.3004526784128
68.525,42.3004533418374
68.55,42.3004540027296
68.575,42.3004546610854
68.6,42.3004553169005
68.625,42.3004559701696
68.65,42.3004566209092
68.675,42.3004572691333
68.7,42.3004579148529
68.725,42.3004585580757
68.75,42.3004591987745
68.775,42.3004598369489
68.8,42.300460472605
68.825,42.3004611057515
68.85,42.3004617363466
68.875,42.3004623643926
68.9,42.3004629899042
68.925,42.300463612902
68.95,42.300464233362
68.975,42.3004648513107
69,42.3004654667273
69.025,42.3004660796293
69.05,42.3004666900473
69.075,42.3004672980163
69.1,42.3004679035541
69.125,42.300468506721
69.15,42.3004691075629
69.175,42.3004697061443
69.2,42.3004703024823
69.225,42.300470896635
69.25,42.3004714886687
69.275,42.3004720786494
69.3,42.3004726665823
69.325,42.3004732524946
69.35,42.3004738364163
69.375,42.3004744183749
69.4,42.3004749985289
69.425,42.3004755769504
69.45,42.3004761538237
69.475,42.3004767292239
69.5,42.3004773031773
69.525,42.300477875682
69.55,42.3004784468529
69.575,42.3004790167221
69.6,42.3004795853868
69.625,42.3004801528734
69.65,42.3004807191755
69.675,42.3004812842702
69.7,42.3004818481883
69.725,42.3004824109294
69.75,42.3004829725338
69.775,42.300483533009
69.8,42.3004840923418
69.825,42.300484650509
69.85,42.3004852075395
69.875,42.300485763447
69.9,42.30048631823
69.925,42.300486871879
69.95,42.3004874243884
69.975,42.3004879757577
70,42.3004885259804