time,data
0,42.3012811641364
0.025,42.3012822622487
0.05,42.3012833567918
0.075,42.3012844455934
0.1,42.3012855271187
0.125,42.3012866002832
0.15,42.3012876643209
0.175,42.3012887186906
0.2,42.3012897645147
0.225,42.3012908025074
0.25,42.3012918332115
0.275,42.301292857043
0.3,42.3012938742541
0.325,42.3012948851179
0.35,42.3012958897386
0.375,42.3012968883189
0.4,42.3012978808515
0.425,42.301298867497
0.45,42.3012998484709
0.475,42.3013008240094
0.5,42.3013017939078
0.525,42.3013027582389
0.55,42.3013037171619
0.575,42.301304670874
0.6,42.3013056189978
0.625,42.3013065615202
0.65,42.3013074980727
0.675,42.3013084286417
0.7,42.3013093533456
0.725,42.3013102723651
0.75,42.3013111853788
0.775,42.3013120923829
0.8,42.3013129934702
0.825,42.3013138887725
0.85,42.30131477846
0.875,42.3013156626694
0.9,42.3013165415776
0.925,42.3013174152917
0.95,42.3013182838702
0.975,42.3013191473309
1,42.3013200057703
1.025,42.3013208592079
1.05,42.3013217076204
1.075,42.3013225509538
1.1,42.3013233893116
1.125,42.3013242227018
1.15,42.3013250512584
1.175,42.3013258750098
1.2,42.3013266940295
1.225,42.3013275083133
1.25,42.3013283178149
1.275,42.3013291224601
1.3,42.3013299223168
1.325,42.3013307173729
1.35,42.3013315077419
1.375,42.3013322934434
1.4,42.3013330744497
1.425,42.3013338507016
1.45,42.3013346223442
1.475,42.3013353894153
1.5,42.3013361519006
1.525,42.3013369097511
1.55,42.3013376630306
1.575,42.3013384117315
1.6,42.3013391558099
1.625,42.3013398951966
1.65,42.3013406299502
1.675,42.3013413600607
1.7,42.3013420855256
1.725,42.3013428063084
1.75,42.3013435223506
1.775,42.3013442335784
1.8,42.3013449399295
1.825,42.3013456413329
1.85,42.3013463377112
1.875,42.3013470289826
1.9,42.3013477150804
1.925,42.3013483959346
1.95,42.3013490714716
1.975,42.3013497416149
2,42.3013504063769
2.025,42.3013510657667
2.05,42.3013517197708
2.075,42.3013523683575
2.1,42.3013530116316
2.125,42.3013536497216
2.15,42.3013542827789
2.175,42.3013549109619
2.2,42.3013555343841
2.225,42.3013561531205
2.25,42.3013567672339
2.275,42.301357376845
2.3,42.301357982051
2.325,42.3013585829235
2.35,42.3013591795513
2.375,42.3013597721661
2.4,42.3013603609092
2.425,42.3013609460858
2.45,42.301361527991
2.475,42.3013621068918
2.5,42.3013626828787
2.525,42.3013632562441
2.55,42.3013638271003
2.575,42.3013643957991
2.6,42.3013649627054
2.625,42.3013655281642
2.65,42.3013660922475
2.675,42.3013666552908
2.7,42.3013672173724
2.725,42.3013677788782
2.75,42.3013683402301
2.775,42.3013689018389
2.8,42.3013694637576
2.825,42.3013700263543
2.85,42.3013705896748
2.875,42.3013711541305
2.9,42.3013717198658
2.925,42.3013722873532
2.95,42.3013728571147
2.975,42.3013734296648
3,42.3013740051791
3.025,42.3013745840801
3.05,42.3013751665337
3.075,42.3013757529555
3.1,42.3013763437942
3.125,42.3013769394873
3.15,42.3013775401867
3.175,42.3013781462366
3.2,42.3013787577158
3.225,42.3013793748869
3.25,42.301379997867
3.275,42.3013806269203
3.3,42.3013812621901
3.325,42.3013819039335
3.35,42.3013825523064
3.375,42.3013832075453
3.4,42.3013838697963
3.425,42.3013845392664
3.45,42.3013852160922
3.475,42.3013859004469
3.5,42.3013865924524
3.525,42.3013872922457
3.55,42.3013879999505
3.575,42.3013887156716
3.6,42.3013894394737
3.625,42.301390171413
3.65,42.3013909115311
3.675,42.3013916598491
3.7,42.3013924163758
3.725,42.3013931810927
3.75,42.3013939540984
3.775,42.3013947353631
3.8,42.3013955248129
3.825,42.3013963223489
3.85,42.3013971279459
3.875,42.3013979414894
3.9,42.3013987628848
3.925,42.3013995919777
3.95,42.3014004286519
3.975,42.3014012727255
4,42.301402124114
4.025,42.3014029826288
4.05,42.3014038480799
4.075,42.3014047202104
4.1,42.301405598751
4.125,42.3014064834351
4.15,42.3014073741868
4.175,42.3014082707777
4.2,42.3014091729339
4.225,42.3014100803097
4.25,42.3014109926004
4.275,42.3014119094354
4.3,42.3014128305703
4.325,42.3014137556503
4.35,42.3014146843914
4.375,42.3014156164315
4.4,42.3014165515012
4.425,42.3014174892468
4.45,42.3014184293184
4.475,42.3014193713902
4.5,42.3014203152654
4.525,42.3014212606844
4.55,42.301422207494
4.575,42.3014231554552
4.6,42.3014241044757
4.625,42.3014250543616
4.65,42.3014260049114
4.675,42.301426955887
4.7,42.3014279070596
4.725,42.3014288582215
4.75,42.30142980919
4.775,42.3014307597733
4.8,42.3014317098769
4.825,42.3014326593673
4.85,42.3014336080672
4.875,42.3014345558027
4.9,42.3014355024315
4.925,42.3014364478014
4.95,42.3014373918052
4.975,42.3014383343204
5,42.3014392752334
5.025,42.3014402144439
5.05,42.3014411518961
5.075,42.3014420875163
5.1,42.3014430213438
5.125,42.301443953355
5.15,42.3014448835514
5.175,42.3014458118904
5.2,42.30144673832
5.225,42.301447662787
5.25,42.3014485852162
5.275,42.301449505529
5.3,42.301450423664
5.325,42.3014513395491
5.35,42.3014522531183
5.375,42.3014531643132
5.4,42.3014540730938
5.425,42.3014549794102
5.45,42.3014558832629
5.475,42.3014567846289
5.5,42.3014576834871
5.525,42.3014585798047
5.55,42.301459473591
5.575,42.3014603648333
5.6,42.3014612535763
5.625,42.3014621398325
5.65,42.3014630236026
5.675,42.301463904881
5.7,42.301464783725
5.725,42.3014656601591
5.75,42.3014665342572
5.775,42.3014674060566
5.8,42.3014682756188
5.825,42.3014691429752
5.85,42.3014700082261
5.875,42.3014708714271
5.9,42.3014717326127
5.925,42.3014725918024
5.95,42.3014734490446
5.975,42.3014743043648
6,42.3014751578577
6.025,42.3014760095788
6.05,42.3014768595986
6.075,42.3014777079609
6.1,42.301478554744
6.125,42.3014793999969
6.15,42.3014802437512
6.175,42.3014810860266
6.2,42.3014819268917
6.225,42.3014827663893
6.25,42.3014836045534
6.275,42.3014844414106
6.3,42.3014852769862
6.325,42.3014861113048
6.35,42.301486944388
6.375,42.3014877762603
6.4,42.3014886069502
6.425,42.3014894364905
6.45,42.301490264912
6.475,42.3014910922426
6.5,42.3014919185049
6.525,42.3014927437288
6.55,42.3014935679449
6.575,42.3014943911919
6.6,42.3014952135101
6.625,42.3014960349491
6.65,42.3014968555571
6.675,42.3014976753921
6.7,42.3014984945065
6.725,42.3014993129621
6.75,42.3015001308189
6.775,42.3015009481325
6.8,42.3015017649439
6.825,42.3015025813071
6.85,42.3015033972655
6.875,42.3015042128765
6.9,42.3015050281885
6.925,42.3015058432633
6.95,42.3015066581488
6.975,42.301507472909
7,42.3015082875943
7.025,42.3015091022701
7.05,42.3015099169892
7.075,42.3015107318187
7.1,42.3015115468243
7.125,42.3015123620676
7.15,42.3015131775881
7.175,42.3015139934417
7.2,42.3015148096676
7.225,42.301515626323
7.25,42.3015164434505
7.275,42.3015172611096
7.3,42.3015180793415
7.325,42.3015188982069
7.35,42.3015197177498
7.375,42.3015205380321
7.4,42.3015213590995
7.425,42.3015221810144
7.45,42.3015230038201
7.475,42.3015238275784
7.5,42.3015246523514
7.525,42.3015254781976
7.55,42.3015263051519
7.575,42.3015271332643
7.6,42.3015279625669
7.625,42.3015287931083
7.65,42.3015296249213
7.675,42.3015304580542
7.7,42.3015312925401
7.725,42.3015321284266
7.75,42.3015329657467
7.775,42.3015338045468
7.8,42.3015346448579
7.825,42.3015354867246
7.85,42.3015363301755
7.875,42.3015371752533
7.9,42.3015380219861
7.925,42.3015388704148
7.95,42.3015397205666
7.975,42.3015405724798
8,42.3015414261793
8.025,42.3015422816999
8.05,42.3015431390641
8.075,42.3015439983034
8.1,42.3015448594378
8.125,42.3015457224952
8.15,42.3015465874929
8.175,42.3015474544551
8.2,42.3015483234058
8.225,42.3015491943673
8.25,42.3015500673492
8.275,42.301550942367
8.3,42.3015518194271
8.325,42.3015526985417
8.35,42.3015535797157
8.375,42.3015544629588
8.4,42.3015553482746
8.425,42.3015562356703
8.45,42.3015571251463
8.475,42.301558016706
8.5,42.3015589103482
8.525,42.3015598060735
8.55,42.3015607038784
8.575,42.3015616037603
8.6,42.3015625057133
8.625,42.3015634097317
8.65,42.3015643158071
8.675,42.3015652239305
8.7,42.3015661340899
8.725,42.3015670462715
8.75,42.3015679604612
8.775,42.3015688766421
8.8,42.3015697947984
8.825,42.3015707149105
8.85,42.301571636958
8.875,42.3015725609209
8.9,42.3015734867815
8.925,42.3015744145187
8.95,42.301575344112
8.975,42.3015762755367
9,42.301577208771
9.025,42.3015781437875
9.05,42.3015790805626
9.075,42.3015800190661
9.1,42.3015809592718
9.125,42.3015819011469
9.15,42.3015828446628
9.175,42.3015837897847
9.2,42.3015847364808
9.225,42.3015856847134
9.25,42.3015866344442
9.275,42.3015875856365
9.3,42.3015885382626
9.325,42.3015894922879
9.35,42.3015904476845
9.375,42.3015914044168
9.4,42.3015923624551
9.425,42.3015933217621
9.45,42.3015942823049
9.475,42.3015952440439
9.5,42.3015962069465
9.525,42.3015971709721
9.55,42.3015981360865
9.575,42.3015991022481
9.6,42.3016000694215
9.625,42.3016010375643
9.65,42.301602006641
9.675,42.301602976609
9.7,42.3016039474321
9.725,42.3016049190678
9.75,42.3016058914815
9.775,42.3016068646317
9.8,42.3016078384775
9.825,42.3016088129796
9.85,42.3016097881089
9.875,42.3016107638309
9.9,42.3016117401183
9.925,42.301612716938
9.95,42.3016136942628
9.975,42.30161467206
10,42.3016156503025
10.025,42.301616628958
10.05,42.3016176079997
10.075,42.3016185873962
10.1,42.3016195671216
10.125,42.3016205471456
10.15,42.3016215274434
10.175,42.3016225079864
10.2,42.3016234887516
10.225,42.3016244697122
10.25,42.3016254508465
10.275,42.3016264321296
10.3,42.3016274135412
10.325,42.301628395058
10.35,42.3016293766613
10.375,42.3016303583295
10.4,42.3016313400454
10.425,42.3016323217896
10.45,42.3016333035465
10.475,42.3016342852991
10.5,42.3016352670335
10.525,42.3016362487349
10.55,42.3016372303918
10.575,42.301638211992
10.6,42.3016391935261
10.625,42.3016401749839
10.65,42.3016411563577
10.675,42.3016421376398
10.7,42.3016431188241
10.725,42.301644099905
10.75,42.3016450808771
10.775,42.3016460617359
10.8,42.3016470424785
10.825,42.3016480231024
10.85,42.3016490036063
10.875,42.3016499839897
10.9,42.3016509642524
10.925,42.3016519443954
10.95,42.3016529244202
10.975,42.301653904329
11,42.3016548841246
11.025,42.3016558638108
11.05,42.3016568433915
11.075,42.3016578228721
11.1,42.3016588022575
11.125,42.3016597815546
11.15,42.3016607607693
11.175,42.3016617399098
11.2,42.3016627189831
11.225,42.3016636979985
11.25,42.3016646769639
11.275,42.3016656558898
11.3,42.3016666347853
11.325,42.3016676136622
11.35,42.3016685925306
11.375,42.301669571403
11.4,42.3016705502899
11.425,42.3016715292046
11.45,42.301672508158
11.475,42.3016734871639
11.5,42.3016744662334
11.525,42.301675445381
11.55,42.301676424618
11.575,42.301677403959
11.6,42.3016783834127
11.625,42.3016793629946
11.65,42.3016803427215
11.675,42.3016813226104
11.7,42.3016823026741
11.725,42.301683282928
11.75,42.3016842633842
11.775,42.3016852440575
11.8,42.3016862249596
11.825,42.3016872061053
11.85,42.3016881875059
11.875,42.3016891691761
11.9,42.3016901511273
11.925,42.3016911333737
11.95,42.3016921159266
11.975,42.3016930988
12,42.3016940820048
12.025,42.3016950655547
12.05,42.3016960494601
12.075,42.3016970337342
12.1,42.301698018387
12.125,42.3016990034311
12.15,42.301699988876
12.175,42.3017009747337
12.2,42.3017019610126
12.225,42.3017029477242
12.25,42.3017039348763
12.275,42.3017049224796
12.3,42.3017059105418
12.325,42.3017068990728
12.35,42.3017078880797
12.375,42.3017088775717
12.4,42.3017098675553
12.425,42.3017108580388
12.45,42.3017118490278
12.475,42.3017128405296
12.5,42.3017138325492
12.525,42.3017148250927
12.55,42.3017158181638
12.575,42.3017168117673
12.6,42.3017178059063
12.625,42.3017188005848
12.65,42.301719795805
12.675,42.3017207915699
12.7,42.3017217878812
12.725,42.301722784741
12.75,42.30172378215
12.775,42.3017247801094
12.8,42.301725778619
12.825,42.3017267776787
12.85,42.3017277772865
12.875,42.3017287774407
12.9,42.3017297781388
12.925,42.3017307793783
12.95,42.3017317811561
12.975,42.3017327834688
13,42.3017337863129
13.025,42.3017347896849
13.05,42.301735793581
13.075,42.3017367979967
13.1,42.3017378029277
13.125,42.3017388083688
13.15,42.3017398143149
13.175,42.3017408207601
13.2,42.3017418276985
13.225,42.3017428351235
13.25,42.3017438430288
13.275,42.3017448514069
13.3,42.3017458602506
13.325,42.3017468695516
13.35,42.301747879302
13.375,42.301748889493
13.4,42.3017499001167
13.425,42.3017509111639
13.45,42.3017519226262
13.475,42.301752934494
13.5,42.3017539467585
13.525,42.3017549594096
13.55,42.301755972438
13.575,42.3017569858332
13.6,42.3017579995856
13.625,42.301759013684
13.65,42.3017600281187
13.675,42.3017610428785
13.7,42.3017620579522
13.725,42.3017630733289
13.75,42.3017640890001
13.775,42.3017651049557
13.8,42.3017661211875
13.825,42.3017671376855
13.85,42.3017681544412
13.875,42.3017691714446
13.9,42.3017701886869
13.925,42.3017712061577
13.95,42.3017722238482
13.975,42.3017732417481
14,42.3017742598487
14.025,42.3017752781399
14.05,42.3017762966128
14.075,42.3017773152573
14.1,42.3017783340648
14.125,42.3017793530251
14.15,42.3017803721299
14.175,42.3017813913695
14.2,42.3017824107355
14.225,42.3017834302188
14.25,42.3017844498115
14.275,42.3017854695047
14.3,42.3017864892911
14.325,42.3017875091624
14.35,42.3017885291105
14.375,42.3017895491278
14.4,42.3017905692085
14.425,42.3017915893462
14.45,42.3017926095357
14.475,42.3017936297711
14.5,42.3017946500476
14.525,42.3017956703597
14.55,42.3017966907028
14.575,42.3017977110717
14.6,42.3017987314624
14.625,42.3017997518699
14.65,42.3018007722906
14.675,42.30180179272
14.7,42.3018028131546
14.725,42.3018038335906
14.75,42.301804854025
14.775,42.3018058744543
14.8,42.3018068948761
14.825,42.3018079152878
14.85,42.3018089356872
14.875,42.3018099560724
14.9,42.3018109764414
14.925,42.3018119967926
14.95,42.3018130171247
14.975,42.3018140374365
15,42.3018150577274
15.025,42.3018160779968
15.05,42.3018170982443
15.075,42.3018181184698
15.1,42.3018191386734
15.125,42.3018201588555
15.15,42.3018211790166
15.175,42.3018221991576
15.2,42.3018232192794
15.225,42.3018242393832
15.25,42.3018252594703
15.275,42.3018262795423
15.3,42.3018272996008
15.325,42.3018283196478
15.35,42.3018293396853
15.375,42.3018303597157
15.4,42.3018313797412
15.425,42.3018323997646
15.45,42.3018334197886
15.475,42.3018344398163
15.5,42.3018354598507
15.525,42.3018364798952
15.55,42.3018374999527
15.575,42.3018385200269
15.6,42.3018395401217
15.625,42.3018405602409
15.65,42.301841580387
15.675,42.3018426005637
15.7,42.3018436207733
15.725,42.3018446410195
15.75,42.301845661305
15.775,42.3018466816335
15.8,42.3018477020079
15.825,42.3018487224321
15.85,42.3018497429091
15.875,42.3018507634429
15.9,42.3018517840366
15.925,42.3018528046942
15.95,42.3018538254188
15.975,42.3018548462145
16,42.3018558670844
16.025,42.3018568880324
16.05,42.3018579090614
16.075,42.3018589301755
16.1,42.3018599513773
16.125,42.3018609726708
16.15,42.3018619940586
16.175,42.3018630155447
16.2,42.3018640371317
16.225,42.3018650588232
16.25,42.3018660806231
16.275,42.3018671025351
16.3,42.3018681245612
16.325,42.3018691467043
16.35,42.3018701689662
16.375,42.3018711913496
16.4,42.3018722138562
16.425,42.3018732364887
16.45,42.3018742592487
16.475,42.3018752821388
16.5,42.3018763051605
16.525,42.3018773283163
16.55,42.3018783516076
16.575,42.3018793750369
16.6,42.3018803986055
16.625,42.3018814223157
16.65,42.3018824461685
16.675,42.301883470166
16.7,42.301884494309
16.725,42.3018855185989
16.75,42.3018865430374
16.775,42.3018875676258
16.8,42.3018885923646
16.825,42.3018896172545
16.85,42.3018906422956
16.875,42.301891667488
16.9,42.3018926928313
16.925,42.3018937183255
16.95,42.3018947439699
16.975,42.3018957697641
17,42.3018967957073
17.025,42.3018978217987
17.05,42.301898848037
17.075,42.3018998744207
17.1,42.301900900948
17.125,42.3019019276172
17.15,42.3019029544268
17.175,42.3019039813745
17.2,42.3019050084585
17.225,42.3019060356761
17.25,42.3019070630229
17.275,42.3019080904945
17.3,42.3019091180856
17.325,42.3019101457912
17.35,42.3019111736054
17.375,42.3019122015224
17.4,42.3019132295352
17.425,42.3019142576368
17.45,42.301915285821
17.475,42.3019163140807
17.5,42.3019173424092
17.525,42.3019183708001
17.55,42.3019193992482
17.575,42.3019204277475
17.6,42.3019214562929
17.625,42.3019224848782
17.65,42.3019235134977
17.675,42.3019245421445
17.7,42.3019255708134
17.725,42.3019265994969
17.75,42.3019276281899
17.775,42.3019286568846
17.8,42.3019296855756
17.825,42.3019307142554
17.85,42.3019317429187
17.875,42.3019327715583
17.9,42.3019338001698
17.925,42.3019348287461
17.95,42.3019358572794
17.975,42.3019368857623
18,42.3019379141909
18.025,42.3019389425592
18.05,42.3019399708644
18.075,42.3019409991015
18.1,42.3019420272687
18.125,42.3019430553619
18.15,42.3019440833795
18.175,42.301945111318
18.2,42.3019461391757
18.225,42.3019471669497
18.25,42.3019481946398
18.275,42.3019492222447
18.3,42.3019502497641
18.325,42.3019512771974
18.35,42.3019523045438
18.375,42.3019533318026
18.4,42.301954358972
18.425,42.3019553860521
18.45,42.3019564130412
18.475,42.3019574399404
18.5,42.301958466749
18.525,42.3019594934703
18.55,42.3019605201031
18.575,42.3019615466524
18.6,42.301962573119
18.625,42.3019635995111
18.65,42.3019646258321
18.675,42.3019656520932
18.7,42.3019666782979
18.725,42.3019677044602
18.75,42.3019687305973
18.775,42.3019697567271
18.8,42.3019707828558
18.825,42.3019718089995
18.85,42.301972835164
18.875,42.3019738613674
18.9,42.3019748876149
18.925,42.3019759139284
18.95,42.3019769403163
18.975,42.3019779668052
19,42.301978993404
19.025,42.3019800201418
19.05,42.3019810470531
19.075,42.3019820741736
19.1,42.3019831015066
19.125,42.3019841290777
19.15,42.3019851568853
19.175,42.3019861849555
19.2,42.3019872132801
19.225,42.3019882418845
19.25,42.3019892707608
19.275,42.301990299939
19.3,42.3019913294138
19.325,42.3019923592196
19.35,42.3019933893425
19.375,42.3019944198139
19.4,42.301995450618
19.425,42.3019964817883
19.45,42.3019975133743
19.475,42.3019985454317
19.5,42.3019995779521
19.525,42.3020006109673
19.55,42.3020016442903
19.575,42.3020026778463
19.6,42.3020037114713
19.625,42.3020047451001
19.65,42.3020057786384
19.675,42.3020068120638
19.7,42.3020078452945
19.725,42.3020088783174
19.75,42.3020099110723
19.775,42.3020109435575
19.8,42.3020119757932
19.825,42.3020130078092
19.85,42.3020140395622
19.875,42.3020150710523
19.9,42.3020161021993
19.925,42.3020171329774
19.95,42.3020181633043
19.975,42.3020191931488
20,42.3020202223775
20.025,42.3020212509248
20.05,42.3020222786729
20.075,42.3020233055576
20.1,42.3020243315382
20.125,42.3020253565875
20.15,42.3020263806214
20.175,42.3020274035877
20.2,42.3020284253706
20.225,42.3020294458938
20.25,42.302030465053
20.275,42.302031482772
20.3,42.3020324989449
20.325,42.3020335134893
20.35,42.3020345263014
20.375,42.3020355372938
20.4,42.3020365463857
20.425,42.3020375534987
20.45,42.3020385585384
20.475,42.3020395614152
20.5,42.3020405620467
20.525,42.3020415603578
20.55,42.3020425563276
20.575,42.3020435499088
20.6,42.3020445410448
20.625,42.3020455296652
20.65,42.3020465157501
20.675,42.3020474992469
20.7,42.3020484801422
20.725,42.3020494583872
20.75,42.302050433944
20.775,42.3020514067485
20.8,42.3020523767886
20.825,42.3020533440148
20.85,42.3020543083943
20.875,42.3020552698665
20.9,42.3020562284126
20.925,42.3020571839812
20.95,42.3020581365398
20.975,42.3020590860272
21,42.302060032434
21.025,42.3020609757133
21.05,42.3020619158351
21.075,42.3020628527431
21.1,42.3020637864222
21.125,42.3020647168271
21.15,42.3020656439561
21.175,42.3020665677758
21.2,42.3020674882805
21.225,42.3020684054359
21.25,42.3020693192033
21.275,42.3020702295456
21.3,42.3020711364782
21.325,42.3020720399872
21.35,42.3020729400826
21.375,42.3020738367482
21.4,42.3020747300008
21.425,42.3020756198293
21.45,42.3020765062353
21.475,42.3020773892005
21.5,42.3020782687226
21.525,42.3020791447797
21.55,42.3020800173536
21.575,42.3020808864145
21.6,42.3020817519448
21.625,42.3020826139169
21.65,42.3020834723413
21.675,42.3020843272094
21.7,42.3020851785119
21.725,42.3020860262304
21.75,42.3020868703476
21.775,42.3020877108487
21.8,42.3020885477781
21.825,42.3020893811525
21.85,42.3020902110324
21.875,42.3020910374461
21.9,42.3020918604473
21.925,42.3020926800614
21.95,42.3020934963538
21.975,42.3020943093569
22,42.3020951191686
22.025,42.3020959258426
22.05,42.3020967294495
22.075,42.302097530028
22.1,42.3020983276578
22.125,42.3020991223822
22.15,42.3020999142624
22.175,42.3021007033311
22.2,42.3021014896575
22.225,42.3021022732789
22.25,42.3021030542884
22.275,42.3021038327386
22.3,42.3021046086635
22.325,42.3021053820847
22.35,42.3021061530529
22.375,42.3021069215942
22.4,42.3021076877724
22.425,42.3021084516213
22.45,42.302109213197
22.475,42.3021099725296
22.5,42.3021107297058
22.525,42.3021114847741
22.55,42.3021122378002
22.575,42.302112988821
22.6,42.3021137379045
22.625,42.3021144850885
22.65,42.3021152304476
22.675,42.3021159740239
22.7,42.3021167158426
22.725,42.3021174559176
22.75,42.3021181942849
22.775,42.3021189309623
22.8,42.3021196660032
22.825,42.3021203994371
22.85,42.3021211313177
22.875,42.3021218616761
22.9,42.3021225905365
22.925,42.3021233179141
22.95,42.3021240438221
22.975,42.30212476827
23,42.3021254912651
23.025,42.3021262128141
23.05,42.3021269329299
23.075,42.3021276516256
23.1,42.3021283689117
23.125,42.3021290847965
23.15,42.3021297992878
23.175,42.3021305123972
23.2,42.3021312241361
23.225,42.3021319345198
23.25,42.3021326435687
23.275,42.3021333513072
23.3,42.3021340577567
23.325,42.3021347629445
23.35,42.3021354668974
23.375,42.3021361696486
23.4,42.3021368712292
23.425,42.3021375716776
23.45,42.3021382710284
23.475,42.3021389693118
23.5,42.302139666552
23.525,42.3021403627841
23.55,42.3021410580327
23.575,42.3021417523344
23.6,42.3021424457208
23.625,42.3021431382353
23.65,42.3021438299121
23.675,42.3021445208011
23.7,42.3021452109414
23.725,42.3021459003875
23.75,42.3021465891832
23.775,42.302147277387
23.8,42.3021479650532
23.825,42.3021486522301
23.85,42.3021493389497
23.875,42.3021500252652
23.9,42.3021507112108
23.925,42.302151396843
23.95,42.3021520822013
23.975,42.3021527673527
24,42.3021534523452
24.025,42.3021541372536
24.05,42.3021548221274
24.075,42.302155507041
24.1,42.3021561920658
24.125,42.3021568772667
24.15,42.3021575626729
24.175,42.3021582483458
24.2,42.3021589343158
24.225,42.3021596206477
24.25,42.3021603073768
24.275,42.3021609945744
24.3,42.3021616822771
24.325,42.3021623705619
24.35,42.3021630594685
24.375,42.3021637490767
24.4,42.3021644394667
24.425,42.3021651307126
24.45,42.302165822835
24.475,42.3021665158984
24.5,42.3021672099277
24.525,42.3021679049944
24.55,42.3021686011286
24.575,42.3021692984063
24.6,42.3021699968512
24.625,42.3021706965407
24.65,42.302171397509
24.675,42.3021720998414
24.7,42.3021728035706
24.725,42.3021735087779
24.75,42.3021742155482
24.775,42.302174923961
24.8,42.3021756340282
24.825,42.3021763458151
24.85,42.3021770593318
24.875,42.3021777746446
24.9,42.3021784917689
24.925,42.3021792107749
24.95,42.3021799316756
24.975,42.3021806545373
25,42.3021813793731
25.025,42.3021821062478
25.05,42.3021828351723
25.075,42.3021835662081
25.1,42.3021842993683
25.125,42.3021850347144
25.15,42.3021857722577
25.175,42.3021865120573
25.2,42.302187254124
25.225,42.3021879985153
25.25,42.302188745242
25.275,42.3021894943593
25.3,42.3021902458741
25.325,42.3021909998362
25.35,42.3021917562431
25.375,42.3021925151393
25.4,42.3021932765212
25.425,42.30219404043
25.45,42.3021948068623
25.475,42.3021955758556
25.5,42.3021963474131
25.525,42.3021971215744
25.55,42.3021978983824
25.575,42.3021986778765
25.6,42.3021994600419
25.625,42.3022002448974
25.65,42.3022010324217
25.675,42.3022018226273
25.7,42.3022026154917
25.725,42.3022034110235
25.75,42.3022042091896
25.775,42.3022050099882
25.8,42.3022058133607
25.825,42.3022066192892
25.85,42.3022074276953
25.875,42.3022082385453
25.9,42.3022090517636
25.925,42.3022098673132
25.95,42.3022106850709
25.975,42.3022115049681
26,42.3022123268859
26.025,42.3022131507519
26.05,42.3022139765118
26.075,42.302214804121
26.1,42.3022156334913
26.125,42.3022164645627
26.15,42.3022172972275
26.175,42.3022181314114
26.2,42.3022189669923
26.225,42.3022198038839
26.25,42.3022206419746
26.275,42.302221481181
26.3,42.302222321355
26.325,42.3022231623893
26.35,42.3022240041471
26.375,42.3022248465242
26.4,42.3022256893914
26.425,42.302226532646
26.45,42.3022273761855
26.475,42.3022282199199
26.5,42.3022290637362
26.525,42.3022299075382
26.55,42.3022307512126
26.575,42.3022315946615
26.6,42.302232437784
26.625,42.3022332804883
26.65,42.3022341226749
26.675,42.3022349642494
26.7,42.3022358051181
26.725,42.3022366451902
26.75,42.3022374843734
26.775,42.3022383225793
26.8,42.3022391597263
26.825,42.30223999574
26.85,42.302240830549
26.875,42.3022416640816
26.9,42.3022424962629
26.925,42.3022433270187
26.95,42.3022441562837
26.975,42.3022449839896
27,42.3022458101044
27.025,42.3022466345797
27.05,42.3022474573761
27.075,42.3022482784429
27.1,42.3022490977437
27.125,42.3022499152297
27.15,42.3022507308663
27.175,42.3022515446072
27.2,42.3022523564323
27.225,42.3022531663037
27.25,42.3022539741935
27.275,42.3022547800615
27.3,42.3022555838867
27.325,42.3022563856342
27.35,42.3022571853052
27.375,42.3022579828803
27.4,42.3022587783556
27.425,42.3022595717115
27.45,42.3022603629524
27.475,42.3022611520634
27.5,42.3022619390543
27.525,42.3022627239155
27.55,42.302263506651
27.575,42.3022642872495
27.6,42.3022650656948
27.625,42.3022658419681
27.65,42.3022666160771
27.675,42.302267388015
27.7,42.3022681578214
27.725,42.3022689255098
27.75,42.3022696911038
27.775,42.3022704546093
27.8,42.3022712160613
27.825,42.3022719754719
27.85,42.3022727328586
27.875,42.3022734882243
27.9,42.3022742415886
27.925,42.302274992956
27.95,42.3022757423467
27.975,42.3022764897664
28,42.3022772352362
28.025,42.3022779787633
28.05,42.3022787204071
28.075,42.3022794601986
28.1,42.3022801981764
28.125,42.3022809343611
28.15,42.3022816687637
28.175,42.302282401389
28.2,42.3022831322582
28.225,42.3022838613805
28.25,42.3022845887791
28.275,42.3022853144645
28.3,42.3022860384607
28.325,42.3022867607791
28.35,42.3022874814342
28.375,42.3022882004324
28.4,42.3022889177937
28.425,42.3022896335276
28.45,42.3022903476564
28.475,42.3022910601915
28.5,42.3022917711569
28.525,42.3022924805654
28.55,42.3022931884445
28.575,42.3022938948093
28.6,42.3022945996853
28.625,42.3022953030868
28.65,42.302296005046
28.675,42.3022967055813
28.7,42.3022974047197
28.725,42.3022981024771
28.75,42.3022987989085
28.775,42.3022994940469
28.8,42.3023001879357
28.825,42.3023008806021
28.85,42.3023015720639
28.875,42.3023022623324
28.9,42.3023029514181
28.925,42.3023036393271
28.95,42.3023043260756
28.975,42.3023050116729
29,42.3023056961136
29.025,42.3023063793939
29.05,42.3023070615229
29.075,42.3023077425046
29.1,42.3023084223537
29.125,42.3023091010785
29.15,42.3023097786963
29.175,42.3023104552174
29.2,42.3023111306637
29.225,42.3023118050484
29.25,42.3023124783985
29.275,42.3023131507303
29.3,42.3023138220666
29.325,42.3023144924213
29.35,42.3023151618034
29.375,42.3023158302182
29.4,42.3023164976771
29.425,42.3023171641864
29.45,42.3023178297646
29.475,42.3023184944223
29.5,42.3023191581837
29.525,42.3023198210633
29.55,42.3023204830816
29.575,42.3023211442511
29.6,42.302321804591
29.625,42.3023224641126
29.65,42.3023231228114
29.675,42.3023237806844
29.7,42.3023244377286
29.725,42.302325093941
29.75,42.3023257493297
29.775,42.3023264038981
29.8,42.302327057659
29.825,42.3023277106192
29.85,42.3023283627996
29.875,42.3023290142122
29.9,42.3023296648755
29.925,42.3023303148004
29.95,42.3023309640046
29.975,42.3023316124984
30,42.3023322603044
30.025,42.3023329074362
30.05,42.3023335539021
30.075,42.3023341997073
30.1,42.302334844865
30.125,42.3023354893822
30.15,42.3023361332736
30.175,42.3023367765468
30.2,42.302337419196
30.225,42.3023380612166
30.25,42.3023387026149
30.275,42.3023393433928
30.3,42.3023399835613
30.325,42.302340623126
30.35,42.302341262106
30.375,42.3023419005118
30.4,42.3023425383497
30.425,42.3023431756231
30.45,42.3023438123443
30.475,42.3023444485192
30.5,42.3023450841615
30.525,42.3023457192782
30.55,42.3023463538891
30.575,42.3023469880052
30.6,42.3023476216435
30.625,42.3023482548133
30.65,42.302348887528
30.675,42.3023495197946
30.7,42.3023501516175
30.725,42.3023507829988
30.75,42.3023514139401
30.775,42.3023520444412
30.8,42.3023526745002
30.825,42.3023533041144
30.85,42.3023539332822
30.875,42.3023545620012
30.9,42.3023551902707
30.925,42.3023558180892
30.95,42.3023564454593
30.975,42.3023570723826
31,42.3023576988629
31.025,42.3023583249025
31.05,42.3023589505041
31.075,42.30235957567
31.1,42.3023602004043
31.125,42.3023608247096
31.15,42.3023614485903
31.175,42.3023620720496
31.2,42.3023626950922
31.225,42.3023633177218
31.25,42.3023639399439
31.275,42.3023645617628
31.3,42.3023651831846
31.325,42.302365804214
31.35,42.3023664248577
31.375,42.3023670451211
31.4,42.302367665012
31.425,42.3023682845372
31.45,42.3023689037043
31.475,42.3023695225197
31.5,42.3023701409919
31.525,42.3023707591279
31.55,42.3023713769359
31.575,42.3023719944227
31.6,42.3023726115974
31.625,42.3023732284676
31.65,42.3023738450428
31.675,42.3023744613315
31.7,42.3023750773439
31.725,42.3023756930885
31.75,42.3023763085763
31.775,42.3023769238166
31.8,42.3023775388183
31.825,42.3023781535896
31.85,42.3023787681403
31.875,42.3023793824789
31.9,42.3023799966143
31.925,42.3023806105543
31.95,42.3023812243077
31.975,42.3023818378823
32,42.3023824512867
32.025,42.3023830645288
32.05,42.3023836776177
32.075,42.3023842905611
32.1,42.3023849033677
32.125,42.3023855160449
32.15,42.3023861286014
32.175,42.3023867410444
32.2,42.3023873533827
32.225,42.3023879656239
32.25,42.302388577776
32.275,42.3023891898461
32.3,42.3023898018421
32.325,42.3023904137711
32.35,42.302391025641
32.375,42.3023916374588
32.4,42.3023922492322
32.425,42.302392860968
32.45,42.3023934726746
32.475,42.3023940843591
32.5,42.3023946960298
32.525,42.3023953076935
32.55,42.3023959193579
32.575,42.3023965310297
32.6,42.3023971427164
32.625,42.3023977544244
32.65,42.3023983661611
32.675,42.3023989779328
32.7,42.3023995897471
32.725,42.3024002016098
32.75,42.3024008135277
32.775,42.302401425506
32.8,42.3024020375509
32.825,42.3024026496674
32.85,42.3024032618612
32.875,42.302403874137
32.9,42.3024044865002
32.925,42.3024050989552
32.95,42.3024057115072
32.975,42.3024063241602
33,42.3024069369193
33.025,42.3024075497884
33.05,42.3024081627719
33.075,42.3024087758734
33.1,42.3024093890979
33.125,42.3024100024494
33.15,42.3024106159321
33.175,42.3024112295494
33.2,42.3024118433052
33.225,42.3024124572024
33.25,42.302413071243
33.275,42.302413685428
33.3,42.302414299759
33.325,42.3024149142368
33.35,42.302415528863
33.375,42.3024161436379
33.4,42.3024167585627
33.425,42.3024173736374
33.45,42.3024179888626
33.475,42.302418604238
33.5,42.3024192197638
33.525,42.3024198354394
33.55,42.3024204512647
33.575,42.3024210672393
33.6,42.3024216833628
33.625,42.3024222996336
33.65,42.3024229160512
33.675,42.3024235326135
33.7,42.3024241493198
33.725,42.3024247661683
33.75,42.3024253831576
33.775,42.3024260002856
33.8,42.3024266175495
33.825,42.302427234947
33.85,42.3024278524751
33.875,42.3024284701304
33.9,42.3024290879099
33.925,42.3024297058099
33.95,42.3024303238261
33.975,42.3024309419537
34,42.3024315601886
34.025,42.3024321785255
34.05,42.3024327969587
34.075,42.302433415482
34.1,42.3024340340895
34.125,42.3024346527749
34.15,42.3024352715311
34.175,42.3024358903505
34.2,42.3024365092259
34.225,42.3024371281496
34.25,42.3024377471134
34.275,42.3024383661088
34.3,42.3024389851271
34.325,42.3024396041589
34.35,42.3024402231946
34.375,42.3024408422243
34.4,42.3024414612374
34.425,42.3024420802231
34.45,42.3024426991705
34.475,42.3024433180681
34.5,42.3024439369042
34.525,42.3024445556661
34.55,42.3024451743411
34.575,42.3024457929156
34.6,42.3024464113749
34.625,42.3024470297048
34.65,42.3024476478906
34.675,42.3024482659173
34.7,42.3024488837692
34.725,42.3024495014301
34.75,42.3024501188834
34.775,42.3024507361114
34.8,42.3024513531732
34.825,42.3024519701244
34.85,42.3024525870163
34.875,42.3024532038958
34.9,42.3024538208049
34.925,42.3024544377818
34.95,42.3024550548601
34.975,42.3024556720697
35,42.3024562894363
35.025,42.3024569069816
35.05,42.3024575247236
35.075,42.3024581426767
35.1,42.3024587608513
35.125,42.3024593792546
35.15,42.30245999789
35.175,42.3024606167578
35.2,42.3024612358555
35.225,42.3024618551777
35.25,42.302462474716
35.275,42.3024630944591
35.3,42.3024637143928
35.325,42.3024643345
35.35,42.3024649547604
35.375,42.3024655751512
35.4,42.3024661956472
35.425,42.3024668162209
35.45,42.3024674368419
35.475,42.3024680574777
35.5,42.3024686780933
35.525,42.3024692986519
35.55,42.3024699191141
35.575,42.3024705394391
35.6,42.302471159585
35.625,42.3024717795076
35.65,42.3024723991612
35.675,42.3024730184982
35.7,42.3024736374697
35.725,42.3024742560239
35.75,42.3024748741085
35.775,42.3024754916685
35.8,42.3024761086472
35.825,42.3024767249855
35.85,42.3024773406241
35.875,42.3024779555038
35.9,42.3024785695649
35.925,42.3024791827452
35.95,42.3024797949819
35.975,42.3024804062091
36,42.3024810163601
36.025,42.3024816253658
36.05,42.3024822331564
36.075,42.3024828396603
36.1,42.3024834448049
36.125,42.3024840485158
36.15,42.3024846507174
36.175,42.3024852513327
36.2,42.3024858502818
36.225,42.302486447483
36.25,42.3024870428532
36.275,42.3024876363084
36.3,42.3024882277632
36.325,42.3024888171314
36.35,42.3024894043263
36.375,42.3024899892595
36.4,42.3024905718419
36.425,42.3024911519828
36.45,42.3024917295902
36.475,42.3024923045717
36.5,42.3024928767816
36.525,42.3024934460744
36.55,42.3024940122795
36.575,42.3024945752391
36.6,42.3024951347768
36.625,42.3024956907334
36.65,42.3024962429341
36.675,42.302496791224
36.7,42.3024973354343
36.725,42.3024978754175
36.75,42.3024984109977
36.775,42.3024989420262
36.8,42.3024994683743
36.825,42.3024999899296
36.85,42.3025005065656
36.875,42.3025010181744
36.9,42.3025015246336
36.925,42.3025020258417
36.95,42.3025025216666
36.975,42.3025030120026
37,42.302503496735
37.025,42.3025039757729
37.05,42.3025044490169
37.075,42.3025049163897
37.1,42.302505377794
37.125,42.3025058331569
37.15,42.3025062823989
37.175,42.302506725463
37.2,42.3025071623074
37.225,42.3025075929029
37.25,42.3025080172042
37.275,42.3025084351832
37.3,42.3025088468095
37.325,42.3025092520682
37.35,42.3025096509254
37.375,42.3025100433664
37.4,42.3025104293674
37.425,42.3025108089242
37.45,42.302511182023
37.475,42.3025115486683
37.5,42.302511908858
37.525,42.3025122626074
37.55,42.3025126099183
37.575,42.3025129508121
37.6,42.3025132853202
37.625,42.3025136134803
37.65,42.302513935318
37.675,42.3025142508727
37.7,42.3025145601766
37.725,42.3025148632756
37.75,42.3025151602097
37.775,42.3025154510313
37.8,42.30251573578
37.825,42.3025160145099
37.85,42.3025162872689
37.875,42.3025165541184
37.9,42.3025168151139
37.925,42.3025170703225
37.95,42.3025173197999
37.975,42.3025175636151
38,42.3025178018395
38.025,42.3025180345446
38.05,42.3025182617918
38.075,42.302518483651
38.1,42.3025187001856
38.125,42.302518911467
38.15,42.3025191175595
38.175,42.3025193185343
38.2,42.3025195144582
38.225,42.3025197054035
38.25,42.3025198914364
38.275,42.3025200726285
38.3,42.3025202490451
38.325,42.3025204207559
38.35,42.3025205878252
38.375,42.3025207503239
38.4,42.3025209083218
38.425,42.3025210618861
38.45,42.3025212110797
38.475,42.3025213559664
38.5,42.3025214966063
38.525,42.3025216330597
38.55,42.3025217653846
38.575,42.3025218936382
38.6,42.3025220178788
38.625,42.302522138161
38.65,42.3025222545378
38.675,42.3025223670601
38.7,42.3025224757794
38.725,42.3025225807442
38.75,42.3025226820053
38.775,42.3025227796083
38.8,42.3025228735969
38.825,42.3025229640135
38.85,42.3025230509055
38.875,42.3025231343129
38.9,42.3025232142798
38.925,42.3025232908433
38.95,42.302523364043
38.975,42.3025234339134
39,42.3025235004955
39.025,42.3025235638202
39.05,42.302523623927
39.075,42.3025236808462
39.1,42.3025237346176
39.125,42.3025237852708
39.15,42.3025238328332
39.175,42.3025238773325
39.2,42.302523918809
39.225,42.3025239572909
39.25,42.3025239928142
39.275,42.3025240254045
39.3,42.3025240550965
39.325,42.3025240819142
39.35,42.3025241058913
39.375,42.3025241270485
39.4,42.3025241454156
39.425,42.3025241610102
39.45,42.3025241738488
39.475,42.3025241839487
39.5,42.302524191337
39.525,42.3025241960324
39.55,42.3025241980608
39.575,42.3025241974385
39.6,42.3025241941882
39.625,42.3025241883229
39.65,42.3025241798644
39.675,42.3025241688226
39.7,42.3025241552162
39.725,42.3025241390519
39.75,42.3025241203394
39.775,42.3025240990841
39.8,42.3025240752926
39.825,42.302524048973
39.85,42.3025240201443
39.875,42.3025239888154
39.9,42.3025239550047
39.925,42.3025239187185
39.95,42.3025238799694
39.975,42.30252383876
40,42.3025237951025
40.025,42.3025237489976
40.05,42.3025237004565
40.075,42.3025236494777
40.1,42.3025235960649
40.125,42.3025235402145
40.15,42.3025234819318
40.175,42.3025234212132
40.2,42.3025233580563
40.225,42.3025232924613
40.25,42.3025232244383
40.275,42.3025231539881
40.3,42.3025230811171
40.325,42.3025230058243
40.35,42.3025229281125
40.375,42.3025228479789
40.4,42.3025227654259
40.425,42.3025226804511
40.45,42.3025225930595
40.475,42.3025225032502
40.5,42.3025224110252
40.525,42.3025223163834
40.55,42.302522219325
40.575,42.3025221198521
40.6,42.30252201797
40.625,42.3025219136814
40.65,42.3025218069861
40.675,42.3025216978854
40.7,42.3025215863786
40.725,42.3025214724672
40.75,42.3025213561518
40.775,42.3025212374351
40.8,42.3025211163188
40.825,42.3025209928053
40.85,42.3025208668967
40.875,42.3025207385956
40.9,42.3025206078952
40.925,42.3025204747946
40.95,42.3025203392905
40.975,42.3025202013834
41,42.3025200610757
41.025,42.3025199183705
41.05,42.3025197732672
41.075,42.3025196257686
41.1,42.3025194758717
41.125,42.3025193235783
41.15,42.3025191688849
41.175,42.3025190117934
41.2,42.3025188522997
41.225,42.3025186904071
41.25,42.3025185261115
41.275,42.3025183594175
41.3,42.3025181902862
41.325,42.302518018696
41.35,42.3025178446212
41.375,42.3025176680445
41.4,42.3025174889488
41.425,42.3025173073167
41.45,42.3025171231216
41.475,42.3025169363456
41.5,42.3025167469624
41.525,42.3025165549549
41.55,42.3025163602981
41.575,42.3025161629753
41.6,42.302515962959
41.625,42.302515760234
41.65,42.3025155547725
41.675,42.3025153465597
41.7,42.3025151355806
41.725,42.3025149218189
41.75,42.3025147052443
41.775,42.3025144858398
41.8,42.3025142635764
41.825,42.3025140384395
41.85,42.3025138104003
41.875,42.3025135794466
41.9,42.3025133455543
41.925,42.3025131087123
41.95,42.3025128688941
41.975,42.3025126260898
42,42.3025123802752
42.025,42.3025121314421
42.05,42.302511879566
42.075,42.3025116246381
42.1,42.3025113666358
42.125,42.3025111055511
42.15,42.302510841376
42.175,42.3025105741002
42.2,42.3025103036941
42.225,42.3025100301451
42.25,42.3025097534248
42.275,42.3025094735225
42.3,42.3025091904138
42.325,42.3025089040895
42.35,42.3025086145238
42.375,42.302508321709
42.4,42.3025080256193
42.425,42.302507726247
42.45,42.3025074235848
42.475,42.3025071176238
42.5,42.3025068083346
42.525,42.3025064957061
42.55,42.302506179712
42.575,42.3025058603438
42.6,42.3025055375782
42.625,42.3025052114085
42.65,42.3025048818151
42.675,42.3025045487915
42.7,42.3025042123116
42.725,42.302503872368
42.75,42.3025035289379
42.775,42.3025031820161
42.8,42.3025028315849
42.825,42.3025024776397
42.85,42.3025021201761
42.875,42.3025017591872
42.9,42.3025013946468
42.925,42.3025010265442
42.95,42.3025006548503
42.975,42.3025002795572
43,42.3024999006435
43.025,42.3024995181027
43.05,42.3024991319122
43.075,42.3024987420663
43.1,42.3024983485456
43.125,42.302497951346
43.15,42.3024975504641
43.175,42.3024971458949
43.2,42.3024967376125
43.225,42.3024963256063
43.25,42.3024959098526
43.275,42.3024954903424
43.3,42.3024950670484
43.325,42.302494639964
43.35,42.3024942090851
43.375,42.3024937744072
43.4,42.3024933358992
43.425,42.3024928935509
43.45,42.3024924473313
43.475,42.3024919972316
43.5,42.3024915432216
43.525,42.3024910852992
43.55,42.3024906234414
43.575,42.3024901576512
43.6,42.3024896879352
43.625,42.302489214299
43.65,42.302488736713
43.675,42.3024882551801
43.7,42.3024877696678
43.725,42.3024872801876
43.75,42.3024867867171
43.775,42.3024862892788
43.8,42.3024857879029
43.825,42.3024852826197
43.85,42.3024847734073
43.875,42.3024842602913
43.9,42.3024837432595
43.925,42.3024832223494
43.95,42.3024826975458
43.975,42.302482168899
44,42.3024816364111
44.025,42.3024811001508
44.05,42.3024805601986
44.075,42.3024800166339
44.1,42.3024794694569
44.125,42.3024789187368
44.15,42.3024783644858
44.175,42.3024778067902
44.2,42.3024772456678
44.225,42.3024766812277
44.25,42.3024761135194
44.275,42.3024755426797
44.3,42.3024749688601
44.325,42.3024743922096
44.35,42.3024738127738
44.375,42.3024732306868
44.4,42.3024726460135
44.425,42.3024720589138
44.45,42.3024714694661
44.475,42.3024708778592
44.5,42.302470284301
44.525,42.3024696889975
44.55,42.3024690920432
44.575,42.3024684936352
44.6,42.3024678938934
44.625,42.3024672930456
44.65,42.3024666912378
44.675,42.3024660887333
44.7,42.3024654857249
44.725,42.3024648825111
44.75,42.3024642793175
44.775,42.302463676472
44.8,42.3024630743136
44.825,42.3024624731703
44.85,42.3024618732685
44.875,42.3024612749128
44.9,42.3024606783359
44.925,42.3024600838566
44.95,42.3024594917289
44.975,42.3024589022944
45,42.3024583159087
45.025,42.3024577329997
45.05,42.3024571539944
45.075,42.3024565793014
45.1,42.3024560092692
45.125,42.3024554442886
45.15,42.3024548847239
45.175,42.3024543309832
45.2,42.3024537834669
45.225,42.3024532426022
45.25,42.3024527087941
45.275,42.3024521824162
45.3,42.3024516637964
45.325,42.3024511532802
45.35,42.3024506511864
45.375,42.3024501578466
45.4,42.3024496735919
45.425,42.3024491987514
45.45,42.3024487336465
45.475,42.3024482785845
45.5,42.3024478338376
45.525,42.302447399641
45.55,42.3024469762191
45.575,42.302446563775
45.6,42.3024461625098
45.625,42.3024457725914
45.65,42.3024453941974
45.675,42.302445027461
45.7,42.3024446725258
45.725,42.3024443294727
45.75,42.3024439983937
45.775,42.3024436793094
45.8,42.3024433721991
45.825,42.3024430770132
45.85,42.3024427937527
45.875,42.3024425223434
45.9,42.3024422627551
45.925,42.3024420148664
45.95,42.3024417786121
45.975,42.3024415538125
46,42.302441340346
46.025,42.3024411379749
46.05,42.3024409464297
46.075,42.3024407654322
46.1,42.3024405948204
46.125,42.3024404343216
46.15,42.302440283765
46.175,42.3024401428441
46.2,42.3024400113618
46.225,42.3024398889706
46.25,42.3024397752994
46.275,42.3024396699836
46.3,42.302439572834
46.325,42.3024394835148
46.35,42.302439401815
46.375,42.3024393273768
46.4,42.3024392599895
46.425,42.3024391992712
46.45,42.3024391449731
46.475,42.3024390966904
46.5,42.3024390540114
46.525,42.3024390165487
46.55,42.3024389841165
46.575,42.3024389563831
46.6,42.3024389331655
46.625,42.3024389141288
46.65,42.3024388990875
46.675,42.3024388876972
46.7,42.3024388797503
46.725,42.3024388748969
46.75,42.3024388727885
46.775,42.3024388731053
46.8,42.3024388757133
46.825,42.3024388803481
46.85,42.3024388868795
46.875,42.3024388950447
46.9,42.302438904712
46.925,42.302438915614
46.95,42.3024389276027
46.975,42.3024389404104
47,42.302438953775
47.025,42.3024389674612
47.05,42.3024389813902
47.075,42.3024389953703
47.1,42.3024390093228
47.125,42.3024390230571
47.15,42.3024390364926
47.175,42.3024390494356
47.2,42.3024390617909
47.225,42.3024390733666
47.25,42.3024390839786
47.275,42.3024390934659
47.3,42.3024391017841
47.325,42.3024391088068
47.35,42.3024391144985
47.375,42.3024391187365
47.4,42.3024391214774
47.425,42.302439122599
47.45,42.3024391220568
47.475,42.3024391197321
47.5,42.3024391155129
47.525,42.302439109305
47.55,42.3024391011042
47.575,42.3024390908373
47.6,42.302439078495
47.625,42.3024390640044
47.65,42.302439047345
47.675,42.302439028445
47.7,42.3024390072895
47.725,42.3024389838101
47.75,42.3024389579867
47.775,42.3024389297556
47.8,42.3024388990605
47.825,42.3024388658575
47.85,42.3024388301584
47.875,42.3024387919314
47.9,42.302438751184
47.925,42.3024387078847
47.95,42.3024386620333
47.975,42.3024386135987
48,42.3024385625837
48.025,42.3024385089589
48.05,42.3024384527208
48.075,42.3024383938424
48.1,42.3024383323021
48.125,42.3024382680863
48.15,42.3024382012125
48.175,42.3024381316724
48.2,42.3024380594769
48.225,42.3024379846162
48.25,42.3024379071014
48.275,42.3024378269219
48.3,42.3024377440821
48.325,42.3024376585707
48.35,42.3024375703802
48.375,42.3024374795084
48.4,42.3024373859713
48.425,42.3024372897686
48.45,42.3024371909108
48.475,42.302437089395
48.5,42.3024369852306
48.525,42.3024368784141
48.55,42.3024367689463
48.575,42.3024366568232
48.6,42.3024365420445
48.625,42.3024364246133
48.65,42.3024363045421
48.675,42.3024361818345
48.7,42.3024360564981
48.725,42.3024359285332
48.75,42.3024357979468
48.775,42.3024356647381
48.8,42.3024355289088
48.825,42.3024353904556
48.85,42.3024352493778
48.875,42.3024351056778
48.9,42.3024349593628
48.925,42.3024348104345
48.95,42.3024346588943
48.975,42.3024345047408
49,42.3024343479728
49.025,42.302434188589
49.05,42.3024340265858
49.075,42.3024338619603
49.1,42.3024336947126
49.125,42.3024335248455
49.15,42.3024333523615
49.175,42.3024331772617
49.2,42.3024329995425
49.225,42.302432819202
49.25,42.3024326362363
49.275,42.3024324506436
49.3,42.3024322624161
49.325,42.3024320715497
49.35,42.3024318780434
49.375,42.302431681898
49.4,42.3024314831102
49.425,42.3024312816796
49.45,42.302431077597
49.475,42.3024308708593
49.5,42.3024306614592
49.525,42.3024304493937
49.55,42.3024302346111
49.575,42.3024300170765
49.6,42.3024297967582
49.625,42.3024295736261
49.65,42.302429347647
49.675,42.3024291187915
49.7,42.3024288870276
49.725,42.3024286523262
49.75,42.3024284146533
49.775,42.3024281739795
49.8,42.3024279302683
49.825,42.3024276834912
49.85,42.3024274336153
49.875,42.3024271806117
49.9,42.3024269244516
49.925,42.3024266651056
49.95,42.3024264025402
49.975,42.3024261367251
50,42.3024258676239
50.025,42.3024255952028
50.05,42.302425319423
50.075,42.3024250402486
50.1,42.3024247576392
50.125,42.3024244715565
50.15,42.3024241819624
50.175,42.3024238888189
50.2,42.3024235920846
50.225,42.302423291721
50.25,42.3024229876805
50.275,42.3024226799231
50.3,42.3024223684099
50.325,42.3024220531023
50.35,42.3024217339569
50.375,42.302421410934
50.4,42.3024210839887
50.425,42.3024207530803
50.45,42.3024204181651
50.475,42.3024200792018
50.5,42.3024197361422
50.525,42.3024193889457
50.55,42.3024190375727
50.575,42.3024186819837
50.6,42.3024183221319
50.625,42.3024179579753
50.65,42.3024175894693
50.675,42.302417216572
50.7,42.302416839238
50.725,42.3024164574246
50.75,42.3024160710845
50.775,42.3024156801726
50.8,42.302415284645
50.825,42.3024148844574
50.85,42.3024144795622
50.875,42.3024140699149
50.9,42.3024136554668
50.925,42.3024132361733
50.95,42.3024128119831
50.975,42.3024123828525
51,42.3024119487304
51.025,42.302411509573
51.05,42.3024110653314
51.075,42.3024106159627
51.1,42.3024101614251
51.125,42.3024097016771
51.15,42.302409236671
51.175,42.3024087663656
51.2,42.3024082907108
51.225,42.302407809666
51.25,42.3024073231818
51.275,42.3024068312187
51.3,42.3024063337254
51.325,42.302405830662
51.35,42.3024053219904
51.375,42.3024048076736
51.4,42.3024042876611
51.425,42.3024037619147
51.45,42.3024032303857
51.475,42.3024026930385
51.5,42.3024021498167
51.525,42.3024016006877
51.55,42.302401045604
51.575,42.3024004845385
51.6,42.3023999174679
51.625,42.3023993443695
51.65,42.3023987652014
51.675,42.3023981799385
51.7,42.3023975885426
51.725,42.3023969909918
51.75,42.302396387335
51.775,42.3023957776268
51.8,42.3023951619038
51.825,42.3023945402159
51.85,42.3023939125967
51.875,42.3023932790942
51.9,42.3023926397371
51.925,42.302391994572
51.95,42.3023913436469
51.975,42.3023906870086
52,42.3023900246833
52.025,42.3023893567119
52.05,42.3023886831204
52.075,42.30238800395
52.1,42.3023873192288
52.125,42.3023866290005
52.15,42.3023859332974
52.175,42.3023852321663
52.2,42.3023845256459
52.225,42.3023838137878
52.25,42.3023830966319
52.275,42.3023823742306
52.3,42.3023816466369
52.325,42.3023809139021
52.35,42.3023801760631
52.375,42.3023794331678
52.4,42.3023786852545
52.425,42.3023779323716
52.45,42.3023771745611
52.475,42.3023764118748
52.5,42.3023756443516
52.525,42.3023748720484
52.55,42.3023740950182
52.575,42.3023733133245
52.6,42.3023725270305
52.625,42.3023717362038
52.65,42.3023709409149
52.675,42.3023701412349
52.7,42.30236933724
52.725,42.3023685290033
52.75,42.3023677165917
52.775,42.3023669000749
52.8,42.3023660795232
52.825,42.3023652550059
52.85,42.3023644265955
52.875,42.3023635943598
52.9,42.3023627583761
52.925,42.3023619187135
52.95,42.3023610754467
52.975,42.3023602286416
53,42.3023593783593
53.025,42.3023585246577
53.05,42.3023576676048
53.075,42.3023568072579
53.1,42.3023559436753
53.125,42.3023550769047
53.15,42.3023542070016
53.175,42.3023533340132
53.2,42.3023524580187
53.225,42.3023515790777
53.25,42.3023506973046
53.275,42.302349812778
53.3,42.3023489256369
53.325,42.3023480359748
53.35,42.3023471439305
53.375,42.3023462495985
53.4,42.3023453531023
53.425,42.3023444545266
53.45,42.3023435540046
53.475,42.3023426516259
53.5,42.3023417475301
53.525,42.3023408418096
53.55,42.3023399345856
53.575,42.3023390259402
53.6,42.3023381160059
53.625,42.3023372048707
53.65,42.3023362926698
53.675,42.302335379494
53.7,42.3023344654782
53.725,42.3023335507146
53.75,42.3023326353455
53.775,42.3023317194679
53.8,42.3023308032186
53.825,42.3023298866926
53.85,42.3023289699658
53.875,42.3023280531019
53.9,42.3023271362128
53.925,42.3023262193799
53.95,42.3023253027239
53.975,42.3023243863333
54,42.3023234703093
54.025,42.3023225547298
54.05,42.3023216397261
54.075,42.3023207253942
54.1,42.3023198118524
54.125,42.3023188991916
54.15,42.3023179874978
54.175,42.3023170768438
54.2,42.3023161673226
54.225,42.3023152590104
54.25,42.3023143519965
54.275,42.3023134463571
54.3,42.3023125421779
54.325,42.3023116395341
54.35,42.3023107384913
54.375,42.3023098391132
54.4,42.3023089414596
54.425,42.3023080455868
54.45,42.3023071515527
54.475,42.3023062594147
54.5,42.3023053692276
54.525,42.3023044810482
54.55,42.3023035949264
54.575,42.3023027109168
54.6,42.3023018290396
54.625,42.3023009493316
54.65,42.3023000718213
54.675,42.3022991965486
54.7,42.3022983235358
54.725,42.3022974528211
54.75,42.3022965843968
54.775,42.3022957182827
54.8,42.3022948544834
54.825,42.3022939930239
54.85,42.3022931339105
54.875,42.3022922771687
54.9,42.3022914227676
54.925,42.3022905707092
54.95,42.3022897210075
54.975,42.3022888736827
55,42.3022880287263
55.025,42.302287186151
55.05,42.3022863459448
55.075,42.3022855081182
55.1,42.302284672679
55.125,42.3022838396246
55.15,42.3022830090372
55.175,42.3022821809338
55.2,42.3022813553139
55.225,42.3022805321688
55.25,42.3022797115338
55.275,42.3022788934043
55.3,42.3022780778651
55.325,42.3022772649247
55.35,42.3022764545682
55.375,42.3022756467701
55.4,42.3022748415631
55.425,42.3022740389644
55.45,42.3022732387717
55.475,42.3022724408772
55.5,42.3022716453221
55.525,42.3022708521431
55.55,42.3022700613785
55.575,42.3022692730664
55.6,42.3022684869839
55.625,42.3022677030504
55.65,42.3022669211402
55.675,42.3022661411989
55.7,42.3022653632103
55.725,42.3022645871817
55.75,42.3022638131319
55.775,42.3022630410847
55.8,42.3022622708611
55.825,42.3022615023858
55.85,42.302260735635
55.875,42.3022599706037
55.9,42.3022592071607
55.925,42.3022584452453
55.95,42.3022576847608
55.975,42.3022569256578
56,42.3022561677881
56.025,42.3022554110654
56.05,42.302254655418
56.075,42.3022539007927
56.1,42.3022531471482
56.125,42.3022523944501
56.15,42.3022516426823
56.175,42.3022508918178
56.2,42.3022501418466
56.225,42.3022493927435
56.25,42.3022486444985
56.275,42.3022478970861
56.3,42.3022471504936
56.325,42.3022464046945
56.35,42.3022456596765
56.375,42.3022449154148
56.4,42.3022441719302
56.425,42.3022434292198
56.45,42.3022426873878
56.475,42.3022419464854
56.5,42.3022412065899
56.525,42.3022404677424
56.55,42.3022397299727
56.575,42.3022389932945
56.6,42.3022382577163
56.625,42.3022375232389
56.65,42.30223678986
56.675,42.3022360575748
56.7,42.3022353263459
56.725,42.3022345961484
56.75,42.3022338669601
56.775,42.3022331387653
56.8,42.3022324115478
56.825,42.3022316852972
56.85,42.3022309599977
56.875,42.3022302356405
56.9,42.302229512181
56.925,42.3022287895937
56.95,42.3022280678545
56.975,42.3022273469494
57,42.3022266268619
57.025,42.302225907584
57.05,42.3022251891125
57.075,42.3022244714465
57.1,42.3022237545438
57.125,42.3022230383821
57.15,42.3022223229381
57.175,42.3022216082
57.2,42.3022208941159
57.225,42.3022201806576
57.25,42.3022194677601
57.275,42.3022187553857
57.3,42.3022180434987
57.325,42.3022173320785
57.35,42.302216621105
57.375,42.3022159105681
57.4,42.3022152004548
57.425,42.3022144907601
57.45,42.3022137814744
57.475,42.3022130725953
57.5,42.3022123641153
57.525,42.3022116560333
57.55,42.302210948343
57.575,42.3022102410437
57.6,42.3022095341296
57.625,42.3022088276002
57.65,42.3022081214498
57.675,42.3022074156778
57.7,42.3022067102786
57.725,42.3022060052512
57.75,42.30220530059
57.775,42.3022045962937
57.8,42.3022038923566
57.825,42.3022031887773
57.85,42.3022024855499
57.875,42.3022017826726
57.9,42.3022010801397
57.925,42.302200377949
57.95,42.3021996760947
57.975,42.3021989745745
58,42.3021982733826
58.025,42.3021975725165
58.05,42.3021968719704
58.075,42.3021961717416
58.1,42.3021954718243
58.125,42.3021947722157
58.15,42.3021940729102
58.175,42.3021933739048
58.2,42.3021926751938
58.225,42.3021919767743
58.25,42.3021912786407
58.275,42.3021905807899
58.3,42.3021898832166
58.325,42.3021891859176
58.35,42.3021884888876
58.375,42.3021877921234
58.4,42.3021870956199
58.425,42.3021863993739
58.45,42.3021857033805
58.475,42.3021850076364
58.5,42.3021843121368
58.525,42.3021836168785
58.55,42.3021829218569
58.575,42.3021822270689
58.6,42.3021815325099
58.625,42.3021808381768
58.65,42.3021801440655
58.675,42.3021794501726
58.7,42.3021787564943
58.725,42.3021780630273
58.75,42.3021773697672
58.775,42.3021766767101
58.8,42.3021759838522
58.825,42.3021752911903
58.85,42.3021745987207
58.875,42.3021739064406
58.9,42.3021732143467
58.925,42.302172522436
58.95,42.3021718307057
58.975,42.3021711391529
59,42.3021704477749
59.025,42.3021697565691
59.05,42.3021690655327
59.075,42.3021683746633
59.1,42.3021676839584
59.125,42.3021669934157
59.15,42.3021663030326
59.175,42.302165612807
59.2,42.3021649227367
59.225,42.3021642328194
59.25,42.3021635430531
59.275,42.3021628534357
59.3,42.3021621639652
59.325,42.3021614746396
59.35,42.3021607854572
59.375,42.302160096416
59.4,42.3021594075143
59.425,42.3021587187503
59.45,42.3021580301224
59.475,42.3021573416288
59.5,42.3021566532682
59.525,42.3021559650395
59.55,42.3021552769416
59.575,42.3021545889733
59.6,42.3021539011335
59.625,42.302153213421
59.65,42.3021525258345
59.675,42.3021518383729
59.7,42.3021511510349
59.725,42.3021504638192
59.75,42.3021497767245
59.775,42.3021490897498
59.8,42.3021484028937
59.825,42.3021477161552
59.85,42.302147029533
59.875,42.3021463430261
59.9,42.3021456566333
59.925,42.3021449703536
59.95,42.302144284186
59.975,42.3021435981294
60,42.3021429121829
